"Id",Channel,XY,Z,Time,"Tags","Shape","Name",cy3,cy7,cy5,a594
"65fa14486cebf97155c42dd0",0,0,0,0,"DAPI_DMin point","polygon","",-,4,0,1
"65fa14486cebf97155c42dd1",0,0,0,0,"DAPI_DMin point","polygon","",-,-,0,0
"65fa14486cebf97155c42dd2",0,0,0,0,"DAPI_DMin point","polygon","",-,-,1,2
"65fa14486cebf97155c42dd3",0,0,0,0,"DAPI_DMin point","polygon","",-,-,0,0
"65fa14486cebf97155c42dd4",0,0,0,0,"DAPI_DMin point","polygon","",-,5,1,0
"65fa14486cebf97155c42dd5",0,0,0,0,"DAPI_DMin point","polygon","",-,3,0,4
"65fa14486cebf97155c42dd6",0,0,0,0,"DAPI_DMin point","polygon","",-,-,0,0
"65fa14486cebf97155c42dd7",0,0,0,0,"DAPI_DMin point","polygon","",-,1,1,4
"65fa14486cebf97155c42dd8",0,0,0,0,"DAPI_DMin point","polygon","",-,3,0,0
"65fa14486cebf97155c42dd9",0,0,0,0,"DAPI_DMin point","polygon","",-,3,0,6
"65fa14486cebf97155c42dda",0,0,0,0,"DAPI_DMin point","polygon","",-,2,0,0
"65fa14486cebf97155c42ddb",0,0,0,0,"DAPI_DMin point","polygon","",-,4,0,4
"65fa14486cebf97155c42ddc",0,0,0,0,"DAPI_DMin point","polygon","",-,7,0,1
"65fa14486cebf97155c42ddd",0,0,0,0,"DAPI_DMin point","polygon","",-,1,0,1
"65fa14486cebf97155c42dde",0,0,0,0,"DAPI_DMin point","polygon","",-,4,0,0
"65fa14486cebf97155c42ddf",0,0,0,0,"DAPI_DMin point","polygon","",-,3,0,1
"65fa14486cebf97155c42de0",0,0,0,0,"DAPI_DMin point","polygon","",-,2,1,0
"65fa14486cebf97155c42de1",0,0,0,0,"DAPI_DMin point","polygon","",-,3,0,0
"65fa14486cebf97155c42de2",0,0,0,0,"DAPI_DMin point","polygon","",-,12,0,2
"65fa14486cebf97155c42de3",0,0,0,0,"DAPI_DMin point","polygon","",-,-,0,0
"65fa14486cebf97155c42de4",0,0,0,0,"DAPI_DMin point","polygon","",-,12,0,1
"65fa14486cebf97155c42de5",0,0,0,0,"DAPI_DMin point","polygon","",-,-,2,0
"65fa14486cebf97155c42de6",0,0,0,0,"DAPI_DMin point","polygon","",-,4,0,0
"65fa14486cebf97155c42de7",0,0,0,0,"DAPI_DMin point","polygon","",-,-,0,0
"65fa14486cebf97155c42de8",0,0,0,0,"DAPI_DMin point","polygon","",-,3,0,0
"65fa14486cebf97155c42de9",0,0,0,0,"DAPI_DMin point","polygon","",1,-,0,0
"65fa14486cebf97155c42dea",0,0,0,0,"DAPI_DMin point","polygon","",-,1,0,0
"65fa14486cebf97155c42deb",0,0,0,0,"DAPI_DMin point","polygon","",-,5,0,3
"65fa14486cebf97155c42dec",0,0,0,0,"DAPI_DMin point","polygon","",-,2,1,0
"65fa14486cebf97155c42ded",0,0,0,0,"DAPI_DMin point","polygon","",1,-,2,0
"65fa14486cebf97155c42dee",0,0,0,0,"DAPI_DMin point","polygon","",-,1,0,0
"65fa14486cebf97155c42def",0,0,0,0,"DAPI_DMin point","polygon","",-,6,1,3
"65fa14486cebf97155c42df0",0,0,0,0,"DAPI_DMin point","polygon","",1,-,1,0
"65fa14486cebf97155c42df1",0,0,0,0,"DAPI_DMin point","polygon","",1,6,0,0
"65fa14486cebf97155c42df2",0,0,0,0,"DAPI_DMin point","polygon","",-,1,0,0
"65fa14486cebf97155c42df3",0,0,0,0,"DAPI_DMin point","polygon","",-,7,0,0
"65fa14486cebf97155c42df4",0,0,0,0,"DAPI_DMin point","polygon","",-,5,0,3
"65fa14486cebf97155c42df5",0,0,0,0,"DAPI_DMin point","polygon","",-,2,3,0
"65fa14486cebf97155c42df6",0,0,0,0,"DAPI_DMin point","polygon","",-,-,0,1
"65fa14486cebf97155c42df7",0,0,0,0,"DAPI_DMin point","polygon","",-,1,0,0
"65fa14486cebf97155c42df8",0,0,0,0,"DAPI_DMin point","polygon","",-,2,0,1
"65fa14486cebf97155c42df9",0,0,0,0,"DAPI_DMin point","polygon","",-,1,1,5
"65fa14486cebf97155c42dfa",0,0,0,0,"DAPI_DMin point","polygon","",-,-,1,0
"65fa14486cebf97155c42dfb",0,0,0,0,"DAPI_DMin point","polygon","",-,-,0,2
"65fa14486cebf97155c42dfc",0,0,0,0,"DAPI_DMin point","polygon","",-,-,0,2
"65fa14486cebf97155c42dfd",0,0,0,0,"DAPI_DMin point","polygon","",-,1,1,1
"65fa14486cebf97155c42dfe",0,0,0,0,"DAPI_DMin point","polygon","",-,1,0,0
"65fa14486cebf97155c42dff",0,0,0,0,"DAPI_DMin point","polygon","",-,-,0,2
"65fa14486cebf97155c42e00",0,0,0,0,"DAPI_DMin point","polygon","",-,-,0,0
"65fa14486cebf97155c42e01",0,0,0,0,"DAPI_DMin point","polygon","",-,3,0,0
"65fa14486cebf97155c42e02",0,0,0,0,"DAPI_DMin point","polygon","",-,1,0,0
"65fa14486cebf97155c42e03",0,0,0,0,"DAPI_DMin point","polygon","",-,5,0,0
"65fa14486cebf97155c42e04",0,0,0,0,"DAPI_DMin point","polygon","",-,-,0,0
"65fa14486cebf97155c42e05",0,0,0,0,"DAPI_DMin point","polygon","",-,-,0,1
"65fa14486cebf97155c42e06",0,0,0,0,"DAPI_DMin point","polygon","",-,-,0,1
"65fa14486cebf97155c42e07",0,0,0,0,"DAPI_DMin point","polygon","",-,-,0,0
"65fa14486cebf97155c42e08",0,0,0,0,"DAPI_DMin point","polygon","",-,-,0,1
"65fa14486cebf97155c42e09",0,0,0,0,"DAPI_DMin point","polygon","",1,2,0,3
"65fa14486cebf97155c42e0a",0,0,0,0,"DAPI_DMin point","polygon","",-,-,0,0
"65fa14486cebf97155c42e0b",0,0,0,0,"DAPI_DMin point","polygon","",-,-,1,0
"65fa14486cebf97155c42e0c",0,0,0,0,"DAPI_DMin point","polygon","",-,-,0,0
"65fa14486cebf97155c42e0d",0,0,0,0,"DAPI_DMin point","polygon","",-,-,0,0
"65fa14486cebf97155c42e0e",0,0,0,0,"DAPI_DMin point","polygon","",-,-,0,0
"65fa14486cebf97155c42e0f",0,0,0,0,"DAPI_DMin point","polygon","",-,10,0,0
"65fa14486cebf97155c42e10",0,0,0,0,"DAPI_DMin point","polygon","",-,-,0,0
"65fa14486cebf97155c42e11",0,0,0,0,"DAPI_DMin point","polygon","",-,2,0,0
"65fa14486cebf97155c42e12",0,0,0,0,"DAPI_DMin point","polygon","",-,1,0,5
"65fa14486cebf97155c42e13",0,0,0,0,"DAPI_DMin point","polygon","",-,8,0,2
"65fa14496cebf97155c42e14",0,0,0,0,"DAPI_DMin point","polygon","",-,-,0,0
"65fa14496cebf97155c42e15",0,0,0,0,"DAPI_DMin point","polygon","",-,1,1,4
"65fa14496cebf97155c42e16",0,0,0,0,"DAPI_DMin point","polygon","",-,-,0,1
"65fa14496cebf97155c42e17",0,0,0,0,"DAPI_DMin point","polygon","",-,1,0,1
"65fa14496cebf97155c42e18",0,0,0,0,"DAPI_DMin point","polygon","",-,2,0,3
"65fa14496cebf97155c42e19",0,0,0,0,"DAPI_DMin point","polygon","",-,-,0,0
"65fa14496cebf97155c42e1a",0,0,0,0,"DAPI_DMin point","polygon","",-,3,1,1
"65fa14496cebf97155c42e1b",0,0,0,0,"DAPI_DMin point","polygon","",-,-,0,0
"65fa14496cebf97155c42e1c",0,0,0,0,"DAPI_DMin point","polygon","",-,2,0,0
"65fa14496cebf97155c42e1d",0,0,0,0,"DAPI_DMin point","polygon","",-,2,0,0
"65fa14496cebf97155c42e1e",0,0,0,0,"DAPI_DMin point","polygon","",-,3,0,1
"65fa14496cebf97155c42e1f",0,0,0,0,"DAPI_DMin point","polygon","",-,2,2,2
"65fa14496cebf97155c42e20",0,0,0,0,"DAPI_DMin point","polygon","",-,1,0,0
"65fa14496cebf97155c42e21",0,0,0,0,"DAPI_DMin point","polygon","",-,1,1,3
"65fa14496cebf97155c42e22",0,0,0,0,"DAPI_DMin point","polygon","",-,2,0,1
"65fa14496cebf97155c42e23",0,0,0,0,"DAPI_DMin point","polygon","",-,2,0,1
"65fa14496cebf97155c42e24",0,0,0,0,"DAPI_DMin point","polygon","",-,2,1,3
"65fa14496cebf97155c42e25",0,0,0,0,"DAPI_DMin point","polygon","",-,7,0,2
"65fa14496cebf97155c42e26",0,0,0,0,"DAPI_DMin point","polygon","",-,1,1,4
"65fa14496cebf97155c42e27",0,0,0,0,"DAPI_DMin point","polygon","",-,5,0,1
"65fa14496cebf97155c42e28",0,0,0,0,"DAPI_DMin point","polygon","",-,5,0,0
"65fa14496cebf97155c42e29",0,0,0,0,"DAPI_DMin point","polygon","",-,2,0,0
"65fa14496cebf97155c42e2a",0,0,0,0,"DAPI_DMin point","polygon","",-,2,0,3
"65fa14496cebf97155c42e2b",0,0,0,0,"DAPI_DMin point","polygon","",-,3,0,1
"65fa14496cebf97155c42e2c",0,0,0,0,"DAPI_DMin point","polygon","",-,4,0,0
"65fa14496cebf97155c42e2d",0,0,0,0,"DAPI_DMin point","polygon","",-,-,2,2
"65fa14496cebf97155c42e2e",0,0,0,0,"DAPI_DMin point","polygon","",-,7,0,2
"65fa14496cebf97155c42e2f",0,0,0,0,"DAPI_DMin point","polygon","",-,-,0,2
"65fa14496cebf97155c42e30",0,0,0,0,"DAPI_DMin point","polygon","",-,7,0,0
"65fa14496cebf97155c42e31",0,0,0,0,"DAPI_DMin point","polygon","",-,3,0,0
"65fa14496cebf97155c42e32",0,0,0,0,"DAPI_DMin point","polygon","",-,8,0,0
"65fa14496cebf97155c42e33",0,0,0,0,"DAPI_DMin point","polygon","",-,9,0,0
"65fa14496cebf97155c42e34",0,0,0,0,"DAPI_DMin point","polygon","",-,-,1,1
"65fa14496cebf97155c42e35",0,0,0,0,"DAPI_DMin point","polygon","",-,2,0,0
"65fa14496cebf97155c42e36",0,0,0,0,"DAPI_DMin point","polygon","",-,3,0,0
"65fa14496cebf97155c42e37",0,0,0,0,"DAPI_DMin point","polygon","",-,1,1,2
"65fa14496cebf97155c42e38",0,0,0,0,"DAPI_DMin point","polygon","",-,4,1,1
"65fa14496cebf97155c42e39",0,0,0,0,"DAPI_DMin point","polygon","",-,6,0,0
"65fa14496cebf97155c42e3a",0,0,0,0,"DAPI_DMin point","polygon","",-,1,0,0
"65fa14496cebf97155c42e3b",0,0,0,0,"DAPI_DMin point","polygon","",-,6,1,1
"65fa14496cebf97155c42e3c",0,0,0,0,"DAPI_DMin point","polygon","",-,2,0,0
"65fa14496cebf97155c42e3d",0,0,0,0,"DAPI_DMin point","polygon","",-,2,0,3
"65fa14496cebf97155c42e3e",0,0,0,0,"DAPI_DMin point","polygon","",-,-,0,1
"65fa14496cebf97155c42e3f",0,0,0,0,"DAPI_DMin point","polygon","",-,-,0,0
"65fa14496cebf97155c42e40",0,0,0,0,"DAPI_DMin point","polygon","",-,1,0,2
"65fa14496cebf97155c42e41",0,0,0,0,"DAPI_DMin point","polygon","",-,2,0,0
"65fa14496cebf97155c42e42",0,0,0,0,"DAPI_DMin point","polygon","",-,5,1,3
"65fa14496cebf97155c42e43",0,0,0,0,"DAPI_DMin point","polygon","",-,2,0,3
"65fa14496cebf97155c42e44",0,0,0,0,"DAPI_DMin point","polygon","",-,13,1,0
"65fa14496cebf97155c42e45",0,0,0,0,"DAPI_DMin point","polygon","",-,15,0,0
"65fa14496cebf97155c42e46",0,0,0,0,"DAPI_DMin point","polygon","",-,10,1,1
"65fa14496cebf97155c42e47",0,0,0,0,"DAPI_DMin point","polygon","",-,1,1,0
"65fa14496cebf97155c42e48",0,0,0,0,"DAPI_DMin point","polygon","",-,-,1,0
"65fa14496cebf97155c42e49",0,0,0,0,"DAPI_DMin point","polygon","",-,-,1,0
"65fa14496cebf97155c42e4a",0,0,0,0,"DAPI_DMin point","polygon","",-,-,0,0
"65fa14496cebf97155c42e4b",0,0,0,0,"DAPI_DMin point","polygon","",-,1,0,0
"65fa14496cebf97155c42e4c",0,0,0,0,"DAPI_DMin point","polygon","",-,-,0,0
"65fa14496cebf97155c42e4d",0,0,0,0,"DAPI_DMin point","polygon","",-,25,0,1
"65fa14496cebf97155c42e4e",0,0,0,0,"DAPI_DMin point","polygon","",-,-,0,0
"65fa14496cebf97155c42e4f",0,0,0,0,"DAPI_DMin point","polygon","",-,29,1,2
"65fa14496cebf97155c42e50",0,0,0,0,"DAPI_DMin point","polygon","",-,5,0,0
"65fa14496cebf97155c42e51",0,0,0,0,"DAPI_DMin point","polygon","",-,3,0,0
"65fa14496cebf97155c42e52",0,0,0,0,"DAPI_DMin point","polygon","",-,9,1,1
"65fa14496cebf97155c42e53",0,0,0,0,"DAPI_DMin point","polygon","",-,1,0,1
"65fa14496cebf97155c42e54",0,0,0,0,"DAPI_DMin point","polygon","",-,4,0,0
"65fa14496cebf97155c42e55",0,0,0,0,"DAPI_DMin point","polygon","",-,3,1,0
"65fa14496cebf97155c42e56",0,0,0,0,"DAPI_DMin point","polygon","",1,5,0,1
"65fa14496cebf97155c42e57",0,0,0,0,"DAPI_DMin point","polygon","",-,-,0,1
"65fa14496cebf97155c42e58",0,0,0,0,"DAPI_DMin point","polygon","",-,4,1,1
"65fa14496cebf97155c42e59",0,0,0,0,"DAPI_DMin point","polygon","",-,5,0,0
"65fa14496cebf97155c42e5a",0,0,0,0,"DAPI_DMin point","polygon","",-,3,1,5
"65fa14496cebf97155c42e5b",0,0,0,0,"DAPI_DMin point","polygon","",-,2,0,0
"65fa14496cebf97155c42e5c",0,0,0,0,"DAPI_DMin point","polygon","",-,-,2,1
"65fa14496cebf97155c42e5d",0,0,0,0,"DAPI_DMin point","polygon","",-,1,0,0
"65fa14496cebf97155c42e5e",0,0,0,0,"DAPI_DMin point","polygon","",-,1,0,3
"65fa14496cebf97155c42e5f",0,0,0,0,"DAPI_DMin point","polygon","",-,-,0,1
"65fa14496cebf97155c42e60",0,0,0,0,"DAPI_DMin point","polygon","",-,2,1,0
"65fa14496cebf97155c42e61",0,0,0,0,"DAPI_DMin point","polygon","",-,-,1,1
"65fa14496cebf97155c42e62",0,0,0,0,"DAPI_DMin point","polygon","",-,5,0,0
"65fa14496cebf97155c42e63",0,0,0,0,"DAPI_DMin point","polygon","",-,1,0,0
"65fa14496cebf97155c42e64",0,0,0,0,"DAPI_DMin point","polygon","",-,2,0,1
"65fa14496cebf97155c42e65",0,0,0,0,"DAPI_DMin point","polygon","",-,1,2,2
"65fa14496cebf97155c42e66",0,0,0,0,"DAPI_DMin point","polygon","",-,2,0,1
"65fa14496cebf97155c42e67",0,0,0,0,"DAPI_DMin point","polygon","",-,2,0,1
"65fa14496cebf97155c42e68",0,0,0,0,"DAPI_DMin point","polygon","",-,1,0,0
"65fa14496cebf97155c42e69",0,0,0,0,"DAPI_DMin point","polygon","",-,3,0,1
"65fa14496cebf97155c42e6a",0,0,0,0,"DAPI_DMin point","polygon","",-,7,2,0
"65fa14496cebf97155c42e6b",0,0,0,0,"DAPI_DMin point","polygon","",-,2,1,0
"65fa14496cebf97155c42e6c",0,0,0,0,"DAPI_DMin point","polygon","",-,1,0,0
"65fa14496cebf97155c42e6d",0,0,0,0,"DAPI_DMin point","polygon","",-,2,0,0
"65fa14496cebf97155c42e6e",0,0,0,0,"DAPI_DMin point","polygon","",-,5,1,0
"65fa14496cebf97155c42e6f",0,0,0,0,"DAPI_DMin point","polygon","",-,-,0,0
"65fa14496cebf97155c42e70",0,0,0,0,"DAPI_DMin point","polygon","",-,2,1,1
"65fa14496cebf97155c42e71",0,0,0,0,"DAPI_DMin point","polygon","",-,-,1,1
"65fa14496cebf97155c42e72",0,0,0,0,"DAPI_DMin point","polygon","",-,4,1,3
"65fa14496cebf97155c42e73",0,0,0,0,"DAPI_DMin point","polygon","",-,4,1,3
"65fa14496cebf97155c42e74",0,0,0,0,"DAPI_DMin point","polygon","",-,3,0,3
"65fa14496cebf97155c42e75",0,0,0,0,"DAPI_DMin point","polygon","",-,-,0,0
"65fa14496cebf97155c42e76",0,0,0,0,"DAPI_DMin point","polygon","",-,1,0,1
"65fa14496cebf97155c42e77",0,0,0,0,"DAPI_DMin point","polygon","",-,1,0,1
"65fa14496cebf97155c42e78",0,0,0,0,"DAPI_DMin point","polygon","",-,1,0,0
"65fa14496cebf97155c42e79",0,0,0,0,"DAPI_DMin point","polygon","",-,5,0,0
"65fa14496cebf97155c42e7a",0,0,0,0,"DAPI_DMin point","polygon","",-,1,1,1
"65fa14496cebf97155c42e7b",0,0,0,0,"DAPI_DMin point","polygon","",-,1,0,1
"65fa14496cebf97155c42e7c",0,0,0,0,"DAPI_DMin point","polygon","",-,3,1,0
"65fa14496cebf97155c42e7d",0,0,0,0,"DAPI_DMin point","polygon","",-,7,1,0
"65fa14496cebf97155c42e7e",0,0,0,0,"DAPI_DMin point","polygon","",-,2,0,0
"65fa14496cebf97155c42e7f",0,0,0,0,"DAPI_DMin point","polygon","",-,6,0,1
"65fa14496cebf97155c42e80",0,0,0,0,"DAPI_DMin point","polygon","",-,2,0,1
"65fa14496cebf97155c42e81",0,0,0,0,"DAPI_DMin point","polygon","",-,4,0,0
"65fa14496cebf97155c42e82",0,0,0,0,"DAPI_DMin point","polygon","",-,-,0,1
"65fa14496cebf97155c42e83",0,0,0,0,"DAPI_DMin point","polygon","",-,2,0,0
"65fa14496cebf97155c42e84",0,0,0,0,"DAPI_DMin point","polygon","",-,1,0,3
"65fa14496cebf97155c42e85",0,0,0,0,"DAPI_DMin point","polygon","",-,1,1,2
"65fa14496cebf97155c42e86",0,0,0,0,"DAPI_DMin point","polygon","",-,-,0,0
"65fa14496cebf97155c42e87",0,0,0,0,"DAPI_DMin point","polygon","",1,3,1,1
"65fa14496cebf97155c42e88",0,0,0,0,"DAPI_DMin point","polygon","",-,3,2,2
"65fa14496cebf97155c42e89",0,0,0,0,"DAPI_DMin point","polygon","",-,6,2,0
"65fa14496cebf97155c42e8a",0,0,0,0,"DAPI_DMin point","polygon","",-,6,0,2
"65fa14496cebf97155c42e8b",0,0,0,0,"DAPI_DMin point","polygon","",-,4,0,0
"65fa14496cebf97155c42e8c",0,0,0,0,"DAPI_DMin point","polygon","",-,1,0,1
"65fa14496cebf97155c42e8d",0,0,0,0,"DAPI_DMin point","polygon","",-,-,1,0
"65fa14496cebf97155c42e8e",0,0,0,0,"DAPI_DMin point","polygon","",-,3,1,1
"65fa14496cebf97155c42e8f",0,0,0,0,"DAPI_DMin point","polygon","",-,4,0,0
"65fa14496cebf97155c42e90",0,0,0,0,"DAPI_DMin point","polygon","",-,1,0,0
"65fa14496cebf97155c42e91",0,0,0,0,"DAPI_DMin point","polygon","",-,2,1,1
"65fa14496cebf97155c42e92",0,0,0,0,"DAPI_DMin point","polygon","",-,4,1,0
"65fa14496cebf97155c42e93",0,0,0,0,"DAPI_DMin point","polygon","",-,2,1,1
"65fa14496cebf97155c42e94",0,0,0,0,"DAPI_DMin point","polygon","",-,1,0,0
"65fa14496cebf97155c42e95",0,0,0,0,"DAPI_DMin point","polygon","",-,1,0,2
"65fa14496cebf97155c42e96",0,0,0,0,"DAPI_DMin point","polygon","",-,1,0,3
"65fa14496cebf97155c42e97",0,0,0,0,"DAPI_DMin point","polygon","",-,3,1,1
"65fa14496cebf97155c42e98",0,0,0,0,"DAPI_DMin point","polygon","",-,8,0,3
"65fa14496cebf97155c42e99",0,0,0,0,"DAPI_DMin point","polygon","",-,1,0,0
"65fa14496cebf97155c42e9a",0,0,0,0,"DAPI_DMin point","polygon","",-,-,0,2
"65fa14496cebf97155c42e9b",0,0,0,0,"DAPI_DMin point","polygon","",-,3,0,1
"65fa14496cebf97155c42e9c",0,0,0,0,"DAPI_DMin point","polygon","",-,1,0,4
"65fa14496cebf97155c42e9d",0,0,0,0,"DAPI_DMin point","polygon","",-,1,0,1
"65fa14496cebf97155c42e9e",0,0,0,0,"DAPI_DMin point","polygon","",-,1,1,1
"65fa14496cebf97155c42e9f",0,0,0,0,"DAPI_DMin point","polygon","",-,1,1,1
"65fa14496cebf97155c42ea0",0,0,0,0,"DAPI_DMin point","polygon","",-,-,0,0
"65fa14496cebf97155c42ea1",0,0,0,0,"DAPI_DMin point","polygon","",-,4,0,0
"65fa14496cebf97155c42ea2",0,0,0,0,"DAPI_DMin point","polygon","",-,-,0,0
"65fa14496cebf97155c42ea3",0,0,0,0,"DAPI_DMin point","polygon","",-,-,0,0
"65fa14496cebf97155c42ea4",0,0,0,0,"DAPI_DMin point","polygon","",-,-,0,0
"65fa14496cebf97155c42ea5",0,0,0,0,"DAPI_DMin point","polygon","",-,1,0,1
"65fa14496cebf97155c42ea6",0,0,0,0,"DAPI_DMin point","polygon","",-,2,0,0
"65fa14496cebf97155c42ea7",0,0,0,0,"DAPI_DMin point","polygon","",-,-,0,0
"65fa14496cebf97155c42ea8",0,0,0,0,"DAPI_DMin point","polygon","",1,3,0,1
"65fa14496cebf97155c42ea9",0,0,0,0,"DAPI_DMin point","polygon","",-,1,1,1
"65fa14496cebf97155c42eaa",0,0,0,0,"DAPI_DMin point","polygon","",-,3,1,0
"65fa14496cebf97155c42eab",0,0,0,0,"DAPI_DMin point","polygon","",-,3,0,2
"65fa14496cebf97155c42eac",0,0,0,0,"DAPI_DMin point","polygon","",-,7,1,4
"65fa14496cebf97155c42ead",0,0,0,0,"DAPI_DMin point","polygon","",-,-,0,0
"65fa14496cebf97155c42eae",0,0,0,0,"DAPI_DMin point","polygon","",-,-,0,4
"65fa14496cebf97155c42eaf",0,0,0,0,"DAPI_DMin point","polygon","",-,1,0,1
"65fa14496cebf97155c42eb0",0,0,0,0,"DAPI_DMin point","polygon","",-,3,0,1
"65fa14496cebf97155c42eb1",0,0,0,0,"DAPI_DMin point","polygon","",4,5,0,1
"65fa14496cebf97155c42eb2",0,0,0,0,"DAPI_DMin point","polygon","",-,-,0,1
"65fa14496cebf97155c42eb3",0,0,0,0,"DAPI_DMin point","polygon","",-,2,0,2
"65fa14496cebf97155c42eb4",0,0,0,0,"DAPI_DMin point","polygon","",-,-,1,0
"65fa14496cebf97155c42eb5",0,0,0,0,"DAPI_DMin point","polygon","",-,5,0,3
"65fa14496cebf97155c42eb6",0,0,0,0,"DAPI_DMin point","polygon","",-,3,1,0
"65fa14496cebf97155c42eb7",0,0,0,0,"DAPI_DMin point","polygon","",-,6,0,0
"65fa14496cebf97155c42eb8",0,0,0,0,"DAPI_DMin point","polygon","",-,8,0,1
"65fa14496cebf97155c42eb9",0,0,0,0,"DAPI_DMin point","polygon","",-,3,0,2
"65fa14496cebf97155c42eba",0,0,0,0,"DAPI_DMin point","polygon","",1,-,0,1
"65fa14496cebf97155c42ebb",0,0,0,0,"DAPI_DMin point","polygon","",-,1,4,3
"65fa14496cebf97155c42ebc",0,0,0,0,"DAPI_DMin point","polygon","",-,3,1,0
"65fa14496cebf97155c42ebd",0,0,0,0,"DAPI_DMin point","polygon","",-,1,1,0
"65fa14496cebf97155c42ebe",0,0,0,0,"DAPI_DMin point","polygon","",-,3,0,0
"65fa14496cebf97155c42ebf",0,0,0,0,"DAPI_DMin point","polygon","",-,-,2,0
"65fa14496cebf97155c42ec0",0,0,0,0,"DAPI_DMin point","polygon","",-,2,0,2
"65fa14496cebf97155c42ec1",0,0,0,0,"DAPI_DMin point","polygon","",-,-,0,0
"65fa14496cebf97155c42ec2",0,0,0,0,"DAPI_DMin point","polygon","",-,1,0,0
"65fa14496cebf97155c42ec3",0,0,0,0,"DAPI_DMin point","polygon","",-,-,0,0
"65fa14496cebf97155c42ec4",0,0,0,0,"DAPI_DMin point","polygon","",1,-,0,0
"65fa14496cebf97155c42ec5",0,0,0,0,"DAPI_DMin point","polygon","",-,2,0,0
"65fa14496cebf97155c42ec6",0,0,0,0,"DAPI_DMin point","polygon","",-,2,0,0
"65fa14496cebf97155c42ec7",0,0,0,0,"DAPI_DMin point","polygon","",-,-,0,0
"65fa14496cebf97155c42ec8",0,0,0,0,"DAPI_DMin point","polygon","",-,-,1,0
"65fa14496cebf97155c42ec9",0,0,0,0,"DAPI_DMin point","polygon","",-,-,0,1
"65fa14496cebf97155c42eca",0,0,0,0,"DAPI_DMin point","polygon","",-,1,0,1
"65fa14496cebf97155c42ecb",0,0,0,0,"DAPI_DMin point","polygon","",-,2,0,2
"65fa14496cebf97155c42ecc",0,0,0,0,"DAPI_DMin point","polygon","",-,2,0,0
"65fa14496cebf97155c42ecd",0,0,0,0,"DAPI_DMin point","polygon","",-,-,0,2
"65fa14496cebf97155c42ece",0,0,0,0,"DAPI_DMin point","polygon","",1,3,1,1
"65fa14496cebf97155c42ecf",0,0,0,0,"DAPI_DMin point","polygon","",-,11,0,0
"65fa14496cebf97155c42ed0",0,0,0,0,"DAPI_DMin point","polygon","",-,-,1,0
"65fa14496cebf97155c42ed1",0,0,0,0,"DAPI_DMin point","polygon","",-,1,0,1
"65fa14496cebf97155c42ed2",0,0,0,0,"DAPI_DMin point","polygon","",-,3,0,0
"65fa14496cebf97155c42ed3",0,0,0,0,"DAPI_DMin point","polygon","",-,-,0,1
"65fa14496cebf97155c42ed4",0,0,0,0,"DAPI_DMin point","polygon","",-,1,0,3
"65fa14496cebf97155c42ed5",0,0,0,0,"DAPI_DMin point","polygon","",-,2,1,2
"65fa14496cebf97155c42ed6",0,0,0,0,"DAPI_DMin point","polygon","",-,2,0,1
"65fa14496cebf97155c42ed7",0,0,0,0,"DAPI_DMin point","polygon","",-,-,0,0
"65fa14496cebf97155c42ed8",0,0,0,0,"DAPI_DMin point","polygon","",-,6,0,2
"65fa14496cebf97155c42ed9",0,0,0,0,"DAPI_DMin point","polygon","",-,2,0,1
"65fa14496cebf97155c42eda",0,0,0,0,"DAPI_DMin point","polygon","",-,4,0,1
"65fa14496cebf97155c42edb",0,0,0,0,"DAPI_DMin point","polygon","",-,5,0,0
"65fa14496cebf97155c42edc",0,0,0,0,"DAPI_DMin point","polygon","",-,2,0,0
"65fa14496cebf97155c42edd",0,0,0,0,"DAPI_DMin point","polygon","",-,5,0,0
"65fa14496cebf97155c42ede",0,0,0,0,"DAPI_DMin point","polygon","",-,1,1,0
"65fa14496cebf97155c42edf",0,0,0,0,"DAPI_DMin point","polygon","",-,8,0,2
"65fa14496cebf97155c42ee0",0,0,0,0,"DAPI_DMin point","polygon","",-,5,1,2
"65fa14496cebf97155c42ee1",0,0,0,0,"DAPI_DMin point","polygon","",-,2,1,0
"65fa14496cebf97155c42ee2",0,0,0,0,"DAPI_DMin point","polygon","",-,8,3,1
"65fa14496cebf97155c42ee3",0,0,0,0,"DAPI_DMin point","polygon","",-,2,0,4
"65fa14496cebf97155c42ee4",0,0,0,0,"DAPI_DMin point","polygon","",-,-,0,3
"65fa14496cebf97155c42ee5",0,0,0,0,"DAPI_DMin point","polygon","",-,1,0,3
"65fa14496cebf97155c42ee6",0,0,0,0,"DAPI_DMin point","polygon","",-,4,0,1
"65fa14496cebf97155c42ee7",0,0,0,0,"DAPI_DMin point","polygon","",-,7,0,2
"65fa14496cebf97155c42ee8",0,0,0,0,"DAPI_DMin point","polygon","",-,2,0,1
"65fa14496cebf97155c42ee9",0,0,0,0,"DAPI_DMin point","polygon","",-,-,0,2
"65fa14496cebf97155c42eea",0,0,0,0,"DAPI_DMin point","polygon","",-,1,0,1
"65fa14496cebf97155c42eeb",0,0,0,0,"DAPI_DMin point","polygon","",-,3,2,0
"65fa14496cebf97155c42eec",0,0,0,0,"DAPI_DMin point","polygon","",-,2,0,1
"65fa14496cebf97155c42eed",0,0,0,0,"DAPI_DMin point","polygon","",-,4,0,0
"65fa14496cebf97155c42eee",0,0,0,0,"DAPI_DMin point","polygon","",-,-,0,0
"65fa14496cebf97155c42eef",0,0,0,0,"DAPI_DMin point","polygon","",-,-,1,0
"65fa14496cebf97155c42ef0",0,0,0,0,"DAPI_DMin point","polygon","",-,2,2,0
"65fa14496cebf97155c42ef1",0,0,0,0,"DAPI_DMin point","polygon","",-,2,1,2
"65fa14496cebf97155c42ef2",0,0,0,0,"DAPI_DMin point","polygon","",-,4,0,1
"65fa14496cebf97155c42ef3",0,0,0,0,"DAPI_DMin point","polygon","",-,4,0,0
"65fa14496cebf97155c42ef4",0,0,0,0,"DAPI_DMin point","polygon","",1,6,0,1
"65fa14496cebf97155c42ef5",0,0,0,0,"DAPI_DMin point","polygon","",-,-,1,1
"65fa14496cebf97155c42ef6",0,0,0,0,"DAPI_DMin point","polygon","",1,1,1,1
"65fa14496cebf97155c42ef7",0,0,0,0,"DAPI_DMin point","polygon","",-,-,2,1
"65fa14496cebf97155c42ef8",0,0,0,0,"DAPI_DMin point","polygon","",-,-,0,0
"65fa14496cebf97155c42ef9",0,0,0,0,"DAPI_DMin point","polygon","",-,5,1,2
"65fa14496cebf97155c42efa",0,0,0,0,"DAPI_DMin point","polygon","",-,1,0,1
"65fa14496cebf97155c42efb",0,0,0,0,"DAPI_DMin point","polygon","",-,3,2,0
"65fa14496cebf97155c42efc",0,0,0,0,"DAPI_DMin point","polygon","",-,5,0,2
"65fa14496cebf97155c42efd",0,0,0,0,"DAPI_DMin point","polygon","",-,3,0,0
"65fa14496cebf97155c42efe",0,0,0,0,"DAPI_DMin point","polygon","",-,2,1,1
"65fa14496cebf97155c42eff",0,0,0,0,"DAPI_DMin point","polygon","",-,1,0,1
"65fa14496cebf97155c42f00",0,0,0,0,"DAPI_DMin point","polygon","",-,8,0,0
"65fa14496cebf97155c42f01",0,0,0,0,"DAPI_DMin point","polygon","",-,1,1,2
"65fa14496cebf97155c42f02",0,0,0,0,"DAPI_DMin point","polygon","",-,2,3,0
"65fa14496cebf97155c42f03",0,0,0,0,"DAPI_DMin point","polygon","",-,5,0,1
"65fa14496cebf97155c42f04",0,0,0,0,"DAPI_DMin point","polygon","",-,2,3,0
"65fa14496cebf97155c42f05",0,0,0,0,"DAPI_DMin point","polygon","",-,2,0,2
"65fa14496cebf97155c42f06",0,0,0,0,"DAPI_DMin point","polygon","",1,1,0,1
"65fa14496cebf97155c42f07",0,0,0,0,"DAPI_DMin point","polygon","",-,5,0,0
"65fa14496cebf97155c42f08",0,0,0,0,"DAPI_DMin point","polygon","",-,6,1,2
"65fa14496cebf97155c42f09",0,0,0,0,"DAPI_DMin point","polygon","",-,-,0,1
"65fa14496cebf97155c42f0a",0,0,0,0,"DAPI_DMin point","polygon","",-,-,0,1
"65fa14496cebf97155c42f0b",0,0,0,0,"DAPI_DMin point","polygon","",-,-,0,0
"65fa14496cebf97155c42f0c",0,0,0,0,"DAPI_DMin point","polygon","",-,1,0,0
"65fa14496cebf97155c42f0d",0,0,0,0,"DAPI_DMin point","polygon","",-,3,0,0
"65fa14496cebf97155c42f0e",0,0,0,0,"DAPI_DMin point","polygon","",-,-,0,1
"65fa14496cebf97155c42f0f",0,0,0,0,"DAPI_DMin point","polygon","",1,-,1,0
"65fa14496cebf97155c42f10",0,0,0,0,"DAPI_DMin point","polygon","",1,3,0,2
"65fa14496cebf97155c42f11",0,0,0,0,"DAPI_DMin point","polygon","",-,2,0,0
"65fa14496cebf97155c42f12",0,0,0,0,"DAPI_DMin point","polygon","",-,3,1,1
"65fa14496cebf97155c42f13",0,0,0,0,"DAPI_DMin point","polygon","",-,5,0,0
"65fa14496cebf97155c42f14",0,0,0,0,"DAPI_DMin point","polygon","",-,3,0,0
"65fa14496cebf97155c42f15",0,0,0,0,"DAPI_DMin point","polygon","",1,2,0,0
"65fa14496cebf97155c42f16",0,0,0,0,"DAPI_DMin point","polygon","",-,-,0,0
"65fa14496cebf97155c42f17",0,0,0,0,"DAPI_DMin point","polygon","",-,5,0,1
"65fa14496cebf97155c42f18",0,0,0,0,"DAPI_DMin point","polygon","",-,1,0,5
"65fa14496cebf97155c42f19",0,0,0,0,"DAPI_DMin point","polygon","",-,9,0,1
"65fa14496cebf97155c42f1a",0,0,0,0,"DAPI_DMin point","polygon","",-,1,1,1
"65fa14496cebf97155c42f1b",0,0,0,0,"DAPI_DMin point","polygon","",1,5,0,2
"65fa14496cebf97155c42f1c",0,0,0,0,"DAPI_DMin point","polygon","",-,3,0,0
"65fa14496cebf97155c42f1d",0,0,0,0,"DAPI_DMin point","polygon","",-,5,3,0
"65fa14496cebf97155c42f1e",0,0,0,0,"DAPI_DMin point","polygon","",-,5,0,1
"65fa14496cebf97155c42f1f",0,0,0,0,"DAPI_DMin point","polygon","",-,4,0,0
"65fa14496cebf97155c42f20",0,0,0,0,"DAPI_DMin point","polygon","",-,3,0,1
"65fa14496cebf97155c42f21",0,0,0,0,"DAPI_DMin point","polygon","",-,1,0,0
"65fa14496cebf97155c42f22",0,0,0,0,"DAPI_DMin point","polygon","",-,-,0,3
"65fa14496cebf97155c42f23",0,0,0,0,"DAPI_DMin point","polygon","",-,1,0,0
"65fa14496cebf97155c42f24",0,0,0,0,"DAPI_DMin point","polygon","",-,5,1,0
"65fa14496cebf97155c42f25",0,0,0,0,"DAPI_DMin point","polygon","",-,4,0,1
"65fa14496cebf97155c42f26",0,0,0,0,"DAPI_DMin point","polygon","",-,4,0,0
"65fa14496cebf97155c42f27",0,0,0,0,"DAPI_DMin point","polygon","",-,12,0,0
"65fa14496cebf97155c42f28",0,0,0,0,"DAPI_DMin point","polygon","",-,3,1,0
"65fa14496cebf97155c42f29",0,0,0,0,"DAPI_DMin point","polygon","",-,1,0,0
"65fa14496cebf97155c42f2a",0,0,0,0,"DAPI_DMin point","polygon","",-,-,0,0
"65fa14496cebf97155c42f2b",0,0,0,0,"DAPI_DMin point","polygon","",-,5,0,0
"65fa14496cebf97155c42f2c",0,0,0,0,"DAPI_DMin point","polygon","",-,-,0,1
"65fa14496cebf97155c42f2d",0,0,0,0,"DAPI_DMin point","polygon","",-,-,0,0
"65fa14496cebf97155c42f2e",0,0,0,0,"DAPI_DMin point","polygon","",-,-,0,1
"65fa14496cebf97155c42f2f",0,0,0,0,"DAPI_DMin point","polygon","",-,-,1,0
"65fa14496cebf97155c42f30",0,0,0,0,"DAPI_DMin point","polygon","",-,1,0,0
"65fa14496cebf97155c42f31",0,0,0,0,"DAPI_DMin point","polygon","",-,2,0,1
"65fa14496cebf97155c42f32",0,0,0,0,"DAPI_DMin point","polygon","",-,4,0,2
"65fa14496cebf97155c42f33",0,0,0,0,"DAPI_DMin point","polygon","",-,3,1,2
"65fa14496cebf97155c42f34",0,0,0,0,"DAPI_DMin point","polygon","",-,-,0,1
"65fa14496cebf97155c42f35",0,0,0,0,"DAPI_DMin point","polygon","",-,4,0,0
"65fa14496cebf97155c42f36",0,0,0,0,"DAPI_DMin point","polygon","",1,7,0,1
"65fa14496cebf97155c42f37",0,0,0,0,"DAPI_DMin point","polygon","",-,3,0,1
"65fa14496cebf97155c42f38",0,0,0,0,"DAPI_DMin point","polygon","",-,7,0,1
"65fa14496cebf97155c42f39",0,0,0,0,"DAPI_DMin point","polygon","",-,1,1,0
"65fa14496cebf97155c42f3a",0,0,0,0,"DAPI_DMin point","polygon","",-,2,0,2
"65fa14496cebf97155c42f3b",0,0,0,0,"DAPI_DMin point","polygon","",-,-,0,2
"65fa14496cebf97155c42f3c",0,0,0,0,"DAPI_DMin point","polygon","",1,7,0,0
"65fa14496cebf97155c42f3d",0,0,0,0,"DAPI_DMin point","polygon","",-,-,1,0
"65fa14496cebf97155c42f3e",0,0,0,0,"DAPI_DMin point","polygon","",1,3,0,0
"65fa14496cebf97155c42f3f",0,0,0,0,"DAPI_DMin point","polygon","",-,3,0,2
"65fa14496cebf97155c42f40",0,0,0,0,"DAPI_DMin point","polygon","",-,1,1,0
"65fa14496cebf97155c42f41",0,0,0,0,"DAPI_DMin point","polygon","",-,2,0,5
"65fa14496cebf97155c42f42",0,0,0,0,"DAPI_DMin point","polygon","",1,1,0,0
"65fa14496cebf97155c42f43",0,0,0,0,"DAPI_DMin point","polygon","",-,3,0,0
"65fa14496cebf97155c42f44",0,0,0,0,"DAPI_DMin point","polygon","",-,-,0,0
"65fa14496cebf97155c42f45",0,0,0,0,"DAPI_DMin point","polygon","",-,3,1,4
"65fa14496cebf97155c42f46",0,0,0,0,"DAPI_DMin point","polygon","",-,-,0,0
"65fa14496cebf97155c42f47",0,0,0,0,"DAPI_DMin point","polygon","",-,1,0,0
"65fa14496cebf97155c42f48",0,0,0,0,"DAPI_DMin point","polygon","",-,-,0,2
"65fa14496cebf97155c42f49",0,0,0,0,"DAPI_DMin point","polygon","",-,-,1,2
"65fa14496cebf97155c42f4a",0,0,0,0,"DAPI_DMin point","polygon","",-,3,0,0
"65fa14496cebf97155c42f4b",0,0,0,0,"DAPI_DMin point","polygon","",-,1,0,1
"65fa14496cebf97155c42f4c",0,0,0,0,"DAPI_DMin point","polygon","",-,-,0,0
"65fa14496cebf97155c42f4d",0,0,0,0,"DAPI_DMin point","polygon","",-,4,0,0
"65fa14496cebf97155c42f4e",0,0,0,0,"DAPI_DMin point","polygon","",-,6,0,2
"65fa14496cebf97155c42f4f",0,0,0,0,"DAPI_DMin point","polygon","",-,-,0,4
"65fa14496cebf97155c42f50",0,0,0,0,"DAPI_DMin point","polygon","",-,2,0,0
"65fa14496cebf97155c42f51",0,0,0,0,"DAPI_DMin point","polygon","",1,1,0,1
"65fa14496cebf97155c42f52",0,0,0,0,"DAPI_DMin point","polygon","",-,1,0,1
"65fa14496cebf97155c42f53",0,0,0,0,"DAPI_DMin point","polygon","",-,4,1,1
"65fa14496cebf97155c42f54",0,0,0,0,"DAPI_DMin point","polygon","",-,1,2,6
"65fa14496cebf97155c42f55",0,0,0,0,"DAPI_DMin point","polygon","",-,-,0,0
"65fa14496cebf97155c42f56",0,0,0,0,"DAPI_DMin point","polygon","",-,2,0,1
"65fa14496cebf97155c42f57",0,0,0,0,"DAPI_DMin point","polygon","",-,-,0,0
"65fa14496cebf97155c42f58",0,0,0,0,"DAPI_DMin point","polygon","",-,4,0,1
"65fa14496cebf97155c42f59",0,0,0,0,"DAPI_DMin point","polygon","",-,1,0,1
"65fa14496cebf97155c42f5a",0,0,0,0,"DAPI_DMin point","polygon","",1,2,0,0
"65fa14496cebf97155c42f5b",0,0,0,0,"DAPI_DMin point","polygon","",-,1,0,2
"65fa14496cebf97155c42f5c",0,0,0,0,"DAPI_DMin point","polygon","",-,4,2,0
"65fa14496cebf97155c42f5d",0,0,0,0,"DAPI_DMin point","polygon","",-,-,0,2
"65fa14496cebf97155c42f5e",0,0,0,0,"DAPI_DMin point","polygon","",-,1,0,0
"65fa14496cebf97155c42f5f",0,0,0,0,"DAPI_DMin point","polygon","",1,4,1,1
"65fa14496cebf97155c42f60",0,0,0,0,"DAPI_DMin point","polygon","",1,3,2,1
"65fa14496cebf97155c42f61",0,0,0,0,"DAPI_DMin point","polygon","",-,-,0,1
"65fa14496cebf97155c42f62",0,0,0,0,"DAPI_DMin point","polygon","",-,-,0,2
"65fa14496cebf97155c42f63",0,0,0,0,"DAPI_DMin point","polygon","",-,-,1,1
"65fa14496cebf97155c42f64",0,0,0,0,"DAPI_DMin point","polygon","",-,-,0,0
"65fa14496cebf97155c42f65",0,0,0,0,"DAPI_DMin point","polygon","",-,3,0,0
"65fa14496cebf97155c42f66",0,0,0,0,"DAPI_DMin point","polygon","",-,1,0,3
"65fa14496cebf97155c42f67",0,0,0,0,"DAPI_DMin point","polygon","",-,1,1,0
"65fa14496cebf97155c42f68",0,0,0,0,"DAPI_DMin point","polygon","",-,4,1,1
"65fa14496cebf97155c42f69",0,0,0,0,"DAPI_DMin point","polygon","",-,-,0,0
"65fa14496cebf97155c42f6a",0,0,0,0,"DAPI_DMin point","polygon","",-,1,0,1
"65fa14496cebf97155c42f6b",0,0,0,0,"DAPI_DMin point","polygon","",-,3,0,2
"65fa14496cebf97155c42f6c",0,0,0,0,"DAPI_DMin point","polygon","",-,-,0,1
"65fa14496cebf97155c42f6d",0,0,0,0,"DAPI_DMin point","polygon","",-,1,0,1
"65fa14496cebf97155c42f6e",0,0,0,0,"DAPI_DMin point","polygon","",-,9,1,4
"65fa14496cebf97155c42f6f",0,0,0,0,"DAPI_DMin point","polygon","",-,1,0,0
"65fa14496cebf97155c42f70",0,0,0,0,"DAPI_DMin point","polygon","",-,4,0,0
"65fa14496cebf97155c42f71",0,0,0,0,"DAPI_DMin point","polygon","",-,3,0,1
"65fa14496cebf97155c42f72",0,0,0,0,"DAPI_DMin point","polygon","",-,6,0,0
"65fa14496cebf97155c42f73",0,0,0,0,"DAPI_DMin point","polygon","",-,6,1,3
"65fa14496cebf97155c42f74",0,0,0,0,"DAPI_DMin point","polygon","",-,1,0,1
"65fa14496cebf97155c42f75",0,0,0,0,"DAPI_DMin point","polygon","",-,-,0,0
"65fa14496cebf97155c42f76",0,0,0,0,"DAPI_DMin point","polygon","",1,1,2,1
"65fa14496cebf97155c42f77",0,0,0,0,"DAPI_DMin point","polygon","",-,2,0,0
"65fa14496cebf97155c42f78",0,0,0,0,"DAPI_DMin point","polygon","",-,1,0,1
"65fa14496cebf97155c42f79",0,0,0,0,"DAPI_DMin point","polygon","",-,4,1,0
"65fa14496cebf97155c42f7a",0,0,0,0,"DAPI_DMin point","polygon","",-,-,0,0
"65fa14496cebf97155c42f7b",0,0,0,0,"DAPI_DMin point","polygon","",-,-,0,3
"65fa14496cebf97155c42f7c",0,0,0,0,"DAPI_DMin point","polygon","",-,-,0,0
"65fa14496cebf97155c42f7d",0,0,0,0,"DAPI_DMin point","polygon","",-,14,0,2
"65fa14496cebf97155c42f7e",0,0,0,0,"DAPI_DMin point","polygon","",-,-,1,0
"65fa14496cebf97155c42f7f",0,0,0,0,"DAPI_DMin point","polygon","",2,-,0,0
"65fa14496cebf97155c42f80",0,0,0,0,"DAPI_DMin point","polygon","",-,-,1,0
"65fa14496cebf97155c42f81",0,0,0,0,"DAPI_DMin point","polygon","",1,-,2,0
"65fa14496cebf97155c42f82",0,0,0,0,"DAPI_DMin point","polygon","",-,1,0,2
"65fa14496cebf97155c42f83",0,0,0,0,"DAPI_DMin point","polygon","",-,5,0,1
"65fa14496cebf97155c42f84",0,0,0,0,"DAPI_DMin point","polygon","",-,-,0,0
"65fa14496cebf97155c42f85",0,0,0,0,"DAPI_DMin point","polygon","",-,4,1,2
"65fa14496cebf97155c42f86",0,0,0,0,"DAPI_DMin point","polygon","",-,4,0,3
"65fa14496cebf97155c42f87",0,0,0,0,"DAPI_DMin point","polygon","",-,5,1,0
"65fa14496cebf97155c42f88",0,0,0,0,"DAPI_DMin point","polygon","",-,4,0,0
"65fa14496cebf97155c42f89",0,0,0,0,"DAPI_DMin point","polygon","",-,-,0,1
"65fa14496cebf97155c42f8a",0,0,0,0,"DAPI_DMin point","polygon","",-,-,0,0
"65fa14496cebf97155c42f8b",0,0,0,0,"DAPI_DMin point","polygon","",2,3,0,0
"65fa14496cebf97155c42f8c",0,0,0,0,"DAPI_DMin point","polygon","",-,5,0,0
"65fa14496cebf97155c42f8d",0,0,0,0,"DAPI_DMin point","polygon","",-,1,0,0
"65fa14496cebf97155c42f8e",0,0,0,0,"DAPI_DMin point","polygon","",-,6,0,0
"65fa14496cebf97155c42f8f",0,0,0,0,"DAPI_DMin point","polygon","",-,1,1,1
"65fa14496cebf97155c42f90",0,0,0,0,"DAPI_DMin point","polygon","",-,3,0,3
"65fa14496cebf97155c42f91",0,0,0,0,"DAPI_DMin point","polygon","",1,6,1,0
"65fa14496cebf97155c42f92",0,0,0,0,"DAPI_DMin point","polygon","",-,3,1,4
"65fa14496cebf97155c42f93",0,0,0,0,"DAPI_DMin point","polygon","",-,5,0,1
"65fa14496cebf97155c42f94",0,0,0,0,"DAPI_DMin point","polygon","",-,2,0,2
"65fa14496cebf97155c42f95",0,0,0,0,"DAPI_DMin point","polygon","",-,4,3,2
"65fa14496cebf97155c42f96",0,0,0,0,"DAPI_DMin point","polygon","",-,10,0,2
"65fa14496cebf97155c42f97",0,0,0,0,"DAPI_DMin point","polygon","",-,3,1,2
"65fa14496cebf97155c42f98",0,0,0,0,"DAPI_DMin point","polygon","",-,5,0,2
"65fa14496cebf97155c42f99",0,0,0,0,"DAPI_DMin point","polygon","",-,7,2,1
"65fa14496cebf97155c42f9a",0,0,0,0,"DAPI_DMin point","polygon","",-,2,3,1
"65fa14496cebf97155c42f9b",0,0,0,0,"DAPI_DMin point","polygon","",-,2,0,2
"65fa14496cebf97155c42f9c",0,0,0,0,"DAPI_DMin point","polygon","",1,20,0,1
"65fa14496cebf97155c42f9d",0,0,0,0,"DAPI_DMin point","polygon","",-,2,1,1
"65fa14496cebf97155c42f9e",0,0,0,0,"DAPI_DMin point","polygon","",-,5,0,0
"65fa14496cebf97155c42f9f",0,0,0,0,"DAPI_DMin point","polygon","",-,3,0,0
"65fa14496cebf97155c42fa0",0,0,0,0,"DAPI_DMin point","polygon","",-,-,0,1
"65fa14496cebf97155c42fa1",0,0,0,0,"DAPI_DMin point","polygon","",-,-,0,1
"65fa14496cebf97155c42fa2",0,0,0,0,"DAPI_DMin point","polygon","",-,-,1,0
"65fa14496cebf97155c42fa3",0,0,0,0,"DAPI_DMin point","polygon","",-,4,0,0
"65fa14496cebf97155c42fa4",0,0,0,0,"DAPI_DMin point","polygon","",-,3,3,2
"65fa14496cebf97155c42fa5",0,0,0,0,"DAPI_DMin point","polygon","",-,4,0,3
"65fa14496cebf97155c42fa6",0,0,0,0,"DAPI_DMin point","polygon","",1,1,2,3
"65fa14496cebf97155c42fa7",0,0,0,0,"DAPI_DMin point","polygon","",-,9,0,0
"65fa14496cebf97155c42fa8",0,0,0,0,"DAPI_DMin point","polygon","",-,4,0,0
"65fa14496cebf97155c42fa9",0,0,0,0,"DAPI_DMin point","polygon","",-,2,0,2
"65fa14496cebf97155c42faa",0,0,0,0,"DAPI_DMin point","polygon","",-,1,1,0
"65fa14496cebf97155c42fab",0,0,0,0,"DAPI_DMin point","polygon","",-,3,0,1
"65fa14496cebf97155c42fac",0,0,0,0,"DAPI_DMin point","polygon","",-,3,1,0
"65fa14496cebf97155c42fad",0,0,0,0,"DAPI_DMin point","polygon","",-,1,0,0
"65fa14496cebf97155c42fae",0,0,0,0,"DAPI_DMin point","polygon","",-,5,1,0
"65fa14496cebf97155c42faf",0,0,0,0,"DAPI_DMin point","polygon","",-,1,0,2
"65fa14496cebf97155c42fb0",0,0,0,0,"DAPI_DMin point","polygon","",-,6,0,1
"65fa14496cebf97155c42fb1",0,0,0,0,"DAPI_DMin point","polygon","",-,-,0,2
"65fa14496cebf97155c42fb2",0,0,0,0,"DAPI_DMin point","polygon","",-,2,1,3
"65fa14496cebf97155c42fb3",0,0,0,0,"DAPI_DMin point","polygon","",-,2,0,0
"65fa14496cebf97155c42fb4",0,0,0,0,"DAPI_DMin point","polygon","",-,2,0,1
"65fa14496cebf97155c42fb5",0,0,0,0,"DAPI_DMin point","polygon","",-,2,0,0
"65fa14496cebf97155c42fb6",0,0,0,0,"DAPI_DMin point","polygon","",-,2,1,0
"65fa14496cebf97155c42fb7",0,0,0,0,"DAPI_DMin point","polygon","",-,4,0,0
"65fa14496cebf97155c42fb8",0,0,0,0,"DAPI_DMin point","polygon","",-,5,0,1
"65fa14496cebf97155c42fb9",0,0,0,0,"DAPI_DMin point","polygon","",-,-,2,0
"65fa14496cebf97155c42fba",0,0,0,0,"DAPI_DMin point","polygon","",-,2,0,0
"65fa14496cebf97155c42fbb",0,0,0,0,"DAPI_DMin point","polygon","",-,6,3,0
"65fa14496cebf97155c42fbc",0,0,0,0,"DAPI_DMin point","polygon","",-,4,4,0
"65fa14496cebf97155c42fbd",0,0,0,0,"DAPI_DMin point","polygon","",-,2,1,1
"65fa14496cebf97155c42fbe",0,0,0,0,"DAPI_DMin point","polygon","",-,7,0,2
"65fa14496cebf97155c42fbf",0,0,0,0,"DAPI_DMin point","polygon","",-,3,0,1
"65fa14496cebf97155c42fc0",0,0,0,0,"DAPI_DMin point","polygon","",-,3,0,3
"65fa14496cebf97155c42fc1",0,0,0,0,"DAPI_DMin point","polygon","",1,11,0,3
"65fa14496cebf97155c42fc2",0,0,0,0,"DAPI_DMin point","polygon","",-,7,0,3
"65fa14496cebf97155c42fc3",0,0,0,0,"DAPI_DMin point","polygon","",-,4,0,1
"65fa14496cebf97155c42fc4",0,0,0,0,"DAPI_DMin point","polygon","",-,2,1,1
"65fa14496cebf97155c42fc5",0,0,0,0,"DAPI_DMin point","polygon","",-,1,2,0
"65fa14496cebf97155c42fc6",0,0,0,0,"DAPI_DMin point","polygon","",-,2,0,0
"65fa14496cebf97155c42fc7",0,0,0,0,"DAPI_DMin point","polygon","",-,4,1,1
"65fa14496cebf97155c42fc8",0,0,0,0,"DAPI_DMin point","polygon","",-,10,0,0
"65fa14496cebf97155c42fc9",0,0,0,0,"DAPI_DMin point","polygon","",-,1,0,0
"65fa14496cebf97155c42fca",0,0,0,0,"DAPI_DMin point","polygon","",-,6,0,0
"65fa14496cebf97155c42fcb",0,0,0,0,"DAPI_DMin point","polygon","",-,-,0,1
"65fa14496cebf97155c42fcc",0,0,0,0,"DAPI_DMin point","polygon","",-,6,0,1
"65fa14496cebf97155c42fcd",0,0,0,0,"DAPI_DMin point","polygon","",-,13,0,1
"65fa14496cebf97155c42fce",0,0,0,0,"DAPI_DMin point","polygon","",-,3,0,1
"65fa14496cebf97155c42fcf",0,0,0,0,"DAPI_DMin point","polygon","",-,6,0,3
"65fa14496cebf97155c42fd0",0,0,0,0,"DAPI_DMin point","polygon","",-,-,0,0
"65fa14496cebf97155c42fd1",0,0,0,0,"DAPI_DMin point","polygon","",-,2,0,1
"65fa14496cebf97155c42fd2",0,0,0,0,"DAPI_DMin point","polygon","",-,-,0,2
"65fa14496cebf97155c42fd3",0,0,0,0,"DAPI_DMin point","polygon","",1,2,0,0
"65fa14496cebf97155c42fd4",0,0,0,0,"DAPI_DMin point","polygon","",-,-,1,0
"65fa14496cebf97155c42fd5",0,0,0,0,"DAPI_DMin point","polygon","",-,2,1,1
"65fa14496cebf97155c42fd6",0,0,0,0,"DAPI_DMin point","polygon","",-,5,0,0
"65fa14496cebf97155c42fd7",0,0,0,0,"DAPI_DMin point","polygon","",-,2,1,1
"65fa14496cebf97155c42fd8",0,0,0,0,"DAPI_DMin point","polygon","",-,-,0,2
"65fa14496cebf97155c42fd9",0,0,0,0,"DAPI_DMin point","polygon","",-,3,1,2
"65fa14496cebf97155c42fda",0,0,0,0,"DAPI_DMin point","polygon","",-,-,0,1
"65fa14496cebf97155c42fdb",0,0,0,0,"DAPI_DMin point","polygon","",-,-,1,2
"65fa14496cebf97155c42fdc",0,0,0,0,"DAPI_DMin point","polygon","",-,1,0,0
"65fa14496cebf97155c42fdd",0,0,0,0,"DAPI_DMin point","polygon","",-,3,0,0
"65fa14496cebf97155c42fde",0,0,0,0,"DAPI_DMin point","polygon","",2,-,1,0
"65fa14496cebf97155c42fdf",0,0,0,0,"DAPI_DMin point","polygon","",-,-,0,0
"65fa14496cebf97155c42fe0",0,0,0,0,"DAPI_DMin point","polygon","",-,-,0,0
"65fa14496cebf97155c42fe1",0,0,0,0,"DAPI_DMin point","polygon","",-,1,0,5
"65fa14496cebf97155c42fe2",0,0,0,0,"DAPI_DMin point","polygon","",-,2,0,1
"65fa14496cebf97155c42fe3",0,0,0,0,"DAPI_DMin point","polygon","",-,1,0,0
"65fa14496cebf97155c42fe4",0,0,0,0,"DAPI_DMin point","polygon","",-,1,0,0
"65fa14496cebf97155c42fe5",0,0,0,0,"DAPI_DMin point","polygon","",-,3,0,0
"65fa14496cebf97155c42fe6",0,0,0,0,"DAPI_DMin point","polygon","",-,4,0,3
"65fa14496cebf97155c42fe7",0,0,0,0,"DAPI_DMin point","polygon","",-,4,1,2
"65fa14496cebf97155c42fe8",0,0,0,0,"DAPI_DMin point","polygon","",1,5,0,0
"65fa14496cebf97155c42fe9",0,0,0,0,"DAPI_DMin point","polygon","",1,9,0,5
"65fa14496cebf97155c42fea",0,0,0,0,"DAPI_DMin point","polygon","",-,5,0,4
"65fa14496cebf97155c42feb",0,0,0,0,"DAPI_DMin point","polygon","",-,6,0,0
"65fa14496cebf97155c42fec",0,0,0,0,"DAPI_DMin point","polygon","",-,3,0,1
"65fa14496cebf97155c42fed",0,0,0,0,"DAPI_DMin point","polygon","",-,2,0,0
"65fa14496cebf97155c42fee",0,0,0,0,"DAPI_DMin point","polygon","",-,5,0,1
"65fa14496cebf97155c42fef",0,0,0,0,"DAPI_DMin point","polygon","",-,1,2,0
"65fa14496cebf97155c42ff0",0,0,0,0,"DAPI_DMin point","polygon","",-,3,0,0
"65fa14496cebf97155c42ff1",0,0,0,0,"DAPI_DMin point","polygon","",-,2,2,2
"65fa14496cebf97155c42ff2",0,0,0,0,"DAPI_DMin point","polygon","",-,4,0,0
"65fa14496cebf97155c42ff3",0,0,0,0,"DAPI_DMin point","polygon","",-,6,0,1
"65fa14496cebf97155c42ff4",0,0,0,0,"DAPI_DMin point","polygon","",-,3,0,1
"65fa14496cebf97155c42ff5",0,0,0,0,"DAPI_DMin point","polygon","",-,1,0,1
"65fa14496cebf97155c42ff6",0,0,0,0,"DAPI_DMin point","polygon","",-,6,0,1
"65fa14496cebf97155c42ff7",0,0,0,0,"DAPI_DMin point","polygon","",-,2,0,0
"65fa14496cebf97155c42ff8",0,0,0,0,"DAPI_DMin point","polygon","",-,4,0,0
"65fa14496cebf97155c42ff9",0,0,0,0,"DAPI_DMin point","polygon","",-,8,0,4
"65fa14496cebf97155c42ffa",0,0,0,0,"DAPI_DMin point","polygon","",-,3,0,3
"65fa14496cebf97155c42ffb",0,0,0,0,"DAPI_DMin point","polygon","",-,4,2,0
"65fa14496cebf97155c42ffc",0,0,0,0,"DAPI_DMin point","polygon","",-,3,0,1
"65fa14496cebf97155c42ffd",0,0,0,0,"DAPI_DMin point","polygon","",-,2,0,1
"65fa14496cebf97155c42ffe",0,0,0,0,"DAPI_DMin point","polygon","",-,7,0,0
"65fa14496cebf97155c42fff",0,0,0,0,"DAPI_DMin point","polygon","",-,-,0,2
"65fa14496cebf97155c43000",0,0,0,0,"DAPI_DMin point","polygon","",1,5,1,0
"65fa14496cebf97155c43001",0,0,0,0,"DAPI_DMin point","polygon","",-,2,1,0
"65fa14496cebf97155c43002",0,0,0,0,"DAPI_DMin point","polygon","",-,2,0,3
"65fa14496cebf97155c43003",0,0,0,0,"DAPI_DMin point","polygon","",-,2,0,1
"65fa14496cebf97155c43004",0,0,0,0,"DAPI_DMin point","polygon","",-,-,0,0
"65fa14496cebf97155c43005",0,0,0,0,"DAPI_DMin point","polygon","",-,5,0,0
"65fa14496cebf97155c43006",0,0,0,0,"DAPI_DMin point","polygon","",-,2,0,0
"65fa14496cebf97155c43007",0,0,0,0,"DAPI_DMin point","polygon","",-,1,0,0
"65fa14496cebf97155c43008",0,0,0,0,"DAPI_DMin point","polygon","",-,8,1,1
"65fa14496cebf97155c43009",0,0,0,0,"DAPI_DMin point","polygon","",-,4,0,1
"65fa14496cebf97155c4300a",0,0,0,0,"DAPI_DMin point","polygon","",-,6,1,3
"65fa14496cebf97155c4300b",0,0,0,0,"DAPI_DMin point","polygon","",-,4,0,0
"65fa14496cebf97155c4300c",0,0,0,0,"DAPI_DMin point","polygon","",-,16,0,1
"65fa14496cebf97155c4300d",0,0,0,0,"DAPI_DMin point","polygon","",-,4,1,4
"65fa14496cebf97155c4300e",0,0,0,0,"DAPI_DMin point","polygon","",-,2,0,4
"65fa14496cebf97155c4300f",0,0,0,0,"DAPI_DMin point","polygon","",-,4,0,1
"65fa14496cebf97155c43010",0,0,0,0,"DAPI_DMin point","polygon","",-,-,0,0
"65fa14496cebf97155c43011",0,0,0,0,"DAPI_DMin point","polygon","",-,2,3,5
"65fa14496cebf97155c43012",0,0,0,0,"DAPI_DMin point","polygon","",-,2,0,2
"65fa14496cebf97155c43013",0,0,0,0,"DAPI_DMin point","polygon","",-,-,0,0
"65fa14496cebf97155c43014",0,0,0,0,"DAPI_DMin point","polygon","",-,-,0,2
"65fa14496cebf97155c43015",0,0,0,0,"DAPI_DMin point","polygon","",-,-,0,2
"65fa14496cebf97155c43016",0,0,0,0,"DAPI_DMin point","polygon","",-,2,1,0
"65fa14496cebf97155c43017",0,0,0,0,"DAPI_DMin point","polygon","",-,-,1,1
"65fa14496cebf97155c43018",0,0,0,0,"DAPI_DMin point","polygon","",-,2,1,0
"65fa14496cebf97155c43019",0,0,0,0,"DAPI_DMin point","polygon","",-,1,1,0
"65fa14496cebf97155c4301a",0,0,0,0,"DAPI_DMin point","polygon","",-,2,0,1
"65fa14496cebf97155c4301b",0,0,0,0,"DAPI_DMin point","polygon","",-,1,0,0
"65fa14496cebf97155c4301c",0,0,0,0,"DAPI_DMin point","polygon","",-,-,0,1
"65fa14496cebf97155c4301d",0,0,0,0,"DAPI_DMin point","polygon","",-,4,0,1
"65fa14496cebf97155c4301e",0,0,0,0,"DAPI_DMin point","polygon","",-,-,0,0
"65fa14496cebf97155c4301f",0,0,0,0,"DAPI_DMin point","polygon","",-,-,1,1
"65fa14496cebf97155c43020",0,0,0,0,"DAPI_DMin point","polygon","",-,5,0,0
"65fa14496cebf97155c43021",0,0,0,0,"DAPI_DMin point","polygon","",-,-,0,0
"65fa14496cebf97155c43022",0,0,0,0,"DAPI_DMin point","polygon","",-,4,0,3
"65fa14496cebf97155c43023",0,0,0,0,"DAPI_DMin point","polygon","",-,2,0,1
"65fa14496cebf97155c43024",0,0,0,0,"DAPI_DMin point","polygon","",-,-,0,0
"65fa14496cebf97155c43025",0,0,0,0,"DAPI_DMin point","polygon","",-,3,2,1
"65fa14496cebf97155c43026",0,0,0,0,"DAPI_DMin point","polygon","",-,4,0,0
"65fa14496cebf97155c43027",0,0,0,0,"DAPI_DMin point","polygon","",-,7,0,0
"65fa14496cebf97155c43028",0,0,0,0,"DAPI_DMin point","polygon","",-,4,0,1
"65fa14496cebf97155c43029",0,0,0,0,"DAPI_DMin point","polygon","",-,5,0,0
"65fa14496cebf97155c4302a",0,0,0,0,"DAPI_DMin point","polygon","",-,3,0,0
"65fa14496cebf97155c4302b",0,0,0,0,"DAPI_DMin point","polygon","",-,2,0,1
"65fa14496cebf97155c4302c",0,0,0,0,"DAPI_DMin point","polygon","",-,7,0,2
"65fa14496cebf97155c4302d",0,0,0,0,"DAPI_DMin point","polygon","",-,2,0,1
"65fa14496cebf97155c4302e",0,0,0,0,"DAPI_DMin point","polygon","",-,6,0,0
"65fa14496cebf97155c4302f",0,0,0,0,"DAPI_DMin point","polygon","",-,3,0,2
"65fa14496cebf97155c43030",0,0,0,0,"DAPI_DMin point","polygon","",-,5,4,5
"65fa14496cebf97155c43031",0,0,0,0,"DAPI_DMin point","polygon","",-,1,0,0
"65fa14496cebf97155c43032",0,0,0,0,"DAPI_DMin point","polygon","",-,1,3,2
"65fa14496cebf97155c43033",0,0,0,0,"DAPI_DMin point","polygon","",-,3,2,2
"65fa14496cebf97155c43034",0,0,0,0,"DAPI_DMin point","polygon","",-,-,0,0
"65fa14496cebf97155c43035",0,0,0,0,"DAPI_DMin point","polygon","",-,-,0,1
"65fa14496cebf97155c43036",0,0,0,0,"DAPI_DMin point","polygon","",-,1,0,1
"65fa14496cebf97155c43037",0,0,0,0,"DAPI_DMin point","polygon","",-,2,1,2
"65fa14496cebf97155c43038",0,0,0,0,"DAPI_DMin point","polygon","",-,-,0,2
"65fa14496cebf97155c43039",0,0,0,0,"DAPI_DMin point","polygon","",-,4,0,2
"65fa14496cebf97155c4303a",0,0,0,0,"DAPI_DMin point","polygon","",-,2,1,2
"65fa14496cebf97155c4303b",0,0,0,0,"DAPI_DMin point","polygon","",-,8,0,0
"65fa14496cebf97155c4303c",0,0,0,0,"DAPI_DMin point","polygon","",-,-,1,0
"65fa14496cebf97155c4303d",0,0,0,0,"DAPI_DMin point","polygon","",-,1,0,2
"65fa14496cebf97155c4303e",0,0,0,0,"DAPI_DMin point","polygon","",-,-,0,0
"65fa14496cebf97155c4303f",0,0,0,0,"DAPI_DMin point","polygon","",-,1,0,0
"65fa14496cebf97155c43040",0,0,0,0,"DAPI_DMin point","polygon","",-,-,0,0
"65fa14496cebf97155c43041",0,0,0,0,"DAPI_DMin point","polygon","",-,-,0,0
"65fa14496cebf97155c43042",0,0,0,0,"DAPI_DMin point","polygon","",-,2,0,2
"65fa14496cebf97155c43043",0,0,0,0,"DAPI_DMin point","polygon","",-,-,0,0
"65fa14496cebf97155c43044",0,0,0,0,"DAPI_DMin point","polygon","",-,-,0,1
"65fa14496cebf97155c43045",0,0,0,0,"DAPI_DMin point","polygon","",-,1,1,0
"65fa14496cebf97155c43046",0,0,0,0,"DAPI_DMin point","polygon","",-,1,0,0
"65fa14496cebf97155c43047",0,0,0,0,"DAPI_DMin point","polygon","",-,2,0,1
"65fa14496cebf97155c43048",0,0,0,0,"DAPI_DMin point","polygon","",-,5,0,3
"65fa14496cebf97155c43049",0,0,0,0,"DAPI_DMin point","polygon","",-,2,2,4
"65fa14496cebf97155c4304a",0,0,0,0,"DAPI_DMin point","polygon","",-,-,0,2
"65fa14496cebf97155c4304b",0,0,0,0,"DAPI_DMin point","polygon","",-,-,2,0
"65fa14496cebf97155c4304c",0,0,0,0,"DAPI_DMin point","polygon","",-,1,0,1
"65fa14496cebf97155c4304d",0,0,0,0,"DAPI_DMin point","polygon","",-,1,0,0
"65fa14496cebf97155c4304e",0,0,0,0,"DAPI_DMin point","polygon","",-,-,0,0
"65fa14496cebf97155c4304f",0,0,0,0,"DAPI_DMin point","polygon","",-,-,0,1
"65fa14496cebf97155c43050",0,0,0,0,"DAPI_DMin point","polygon","",-,-,2,0
"65fa14496cebf97155c43051",0,0,0,0,"DAPI_DMin point","polygon","",-,3,0,0
"65fa14496cebf97155c43052",0,0,0,0,"DAPI_DMin point","polygon","",-,2,0,0
"65fa14496cebf97155c43053",0,0,0,0,"DAPI_DMin point","polygon","",-,-,0,0
"65fa14496cebf97155c43054",0,0,0,0,"DAPI_DMin point","polygon","",-,1,0,0
"65fa14496cebf97155c43055",0,0,0,0,"DAPI_DMin point","polygon","",-,-,0,0
"65fa14496cebf97155c43056",0,0,0,0,"DAPI_DMin point","polygon","",-,2,0,0
"65fa14496cebf97155c43057",0,0,0,0,"DAPI_DMin point","polygon","",-,1,0,1
"65fa14496cebf97155c43058",0,0,0,0,"DAPI_DMin point","polygon","",-,-,0,0
"65fa14496cebf97155c43059",0,0,0,0,"DAPI_DMin point","polygon","",-,6,1,0
"65fa14496cebf97155c4305a",0,0,0,0,"DAPI_DMin point","polygon","",-,1,1,0
"65fa14496cebf97155c4305b",0,0,0,0,"DAPI_DMin point","polygon","",-,-,0,1
"65fa14496cebf97155c4305c",0,0,0,0,"DAPI_DMin point","polygon","",-,2,0,0
"65fa14496cebf97155c4305d",0,0,0,0,"DAPI_DMin point","polygon","",-,5,1,0
"65fa14496cebf97155c4305e",0,0,0,0,"DAPI_DMin point","polygon","",-,2,0,1
"65fa14496cebf97155c4305f",0,0,0,0,"DAPI_DMin point","polygon","",-,2,0,0
"65fa14496cebf97155c43060",0,0,0,0,"DAPI_DMin point","polygon","",-,1,0,2
"65fa14496cebf97155c43061",0,0,0,0,"DAPI_DMin point","polygon","",1,-,0,0
"65fa14496cebf97155c43062",0,0,0,0,"DAPI_DMin point","polygon","",-,2,0,1
"65fa14496cebf97155c43063",0,0,0,0,"DAPI_DMin point","polygon","",-,5,1,0
"65fa14496cebf97155c43064",0,0,0,0,"DAPI_DMin point","polygon","",-,7,2,1
"65fa14496cebf97155c43065",0,0,0,0,"DAPI_DMin point","polygon","",1,2,4,1
"65fa14496cebf97155c43066",0,0,0,0,"DAPI_DMin point","polygon","",-,17,0,2
"65fa14496cebf97155c43067",0,0,0,0,"DAPI_DMin point","polygon","",-,2,0,0
"65fa14496cebf97155c43068",0,0,0,0,"DAPI_DMin point","polygon","",-,2,0,0
"65fa14496cebf97155c43069",0,0,0,0,"DAPI_DMin point","polygon","",-,2,0,1
"65fa14496cebf97155c4306a",0,0,0,0,"DAPI_DMin point","polygon","",-,2,0,3
"65fa14496cebf97155c4306b",0,0,0,0,"DAPI_DMin point","polygon","",1,3,0,2
"65fa14496cebf97155c4306c",0,0,0,0,"DAPI_DMin point","polygon","",-,-,0,0
"65fa14496cebf97155c4306d",0,0,0,0,"DAPI_DMin point","polygon","",-,2,0,0
"65fa14496cebf97155c4306e",0,0,0,0,"DAPI_DMin point","polygon","",-,1,0,2
"65fa14496cebf97155c4306f",0,0,0,0,"DAPI_DMin point","polygon","",-,3,0,2
"65fa14496cebf97155c43070",0,0,0,0,"DAPI_DMin point","polygon","",-,1,0,0
"65fa14496cebf97155c43071",0,0,0,0,"DAPI_DMin point","polygon","",-,2,1,2
"65fa14496cebf97155c43072",0,0,0,0,"DAPI_DMin point","polygon","",-,3,0,0
"65fa14496cebf97155c43073",0,0,0,0,"DAPI_DMin point","polygon","",-,2,0,1
"65fa14496cebf97155c43074",0,0,0,0,"DAPI_DMin point","polygon","",-,-,1,2
"65fa14496cebf97155c43075",0,0,0,0,"DAPI_DMin point","polygon","",-,6,3,0
"65fa14496cebf97155c43076",0,0,0,0,"DAPI_DMin point","polygon","",-,4,2,1
"65fa14496cebf97155c43077",0,0,0,0,"DAPI_DMin point","polygon","",-,-,0,0
"65fa14496cebf97155c43078",0,0,0,0,"DAPI_DMin point","polygon","",-,3,0,0
"65fa14496cebf97155c43079",0,0,0,0,"DAPI_DMin point","polygon","",-,1,0,0
"65fa14496cebf97155c4307a",0,0,0,0,"DAPI_DMin point","polygon","",-,2,0,0
"65fa14496cebf97155c4307b",0,0,0,0,"DAPI_DMin point","polygon","",-,1,0,1
"65fa14496cebf97155c4307c",0,0,0,0,"DAPI_DMin point","polygon","",-,3,0,1
"65fa14496cebf97155c4307d",0,0,0,0,"DAPI_DMin point","polygon","",-,-,1,4
"65fa14496cebf97155c4307e",0,0,0,0,"DAPI_DMin point","polygon","",-,3,0,1
"65fa14496cebf97155c4307f",0,0,0,0,"DAPI_DMin point","polygon","",-,1,0,1
"65fa14496cebf97155c43080",0,0,0,0,"DAPI_DMin point","polygon","",-,1,0,1
"65fa14496cebf97155c43081",0,0,0,0,"DAPI_DMin point","polygon","",-,-,0,0
"65fa14496cebf97155c43082",0,0,0,0,"DAPI_DMin point","polygon","",-,1,0,0
"65fa14496cebf97155c43083",0,0,0,0,"DAPI_DMin point","polygon","",-,-,0,0
"65fa14496cebf97155c43084",0,0,0,0,"DAPI_DMin point","polygon","",-,-,0,0
"65fa14496cebf97155c43085",0,0,0,0,"DAPI_DMin point","polygon","",-,-,0,0
"65fa14496cebf97155c43086",0,0,0,0,"DAPI_DMin point","polygon","",-,1,0,1
"65fa14496cebf97155c43087",0,0,0,0,"DAPI_DMin point","polygon","",-,-,1,3
"65fa14496cebf97155c43088",0,0,0,0,"DAPI_DMin point","polygon","",-,1,0,0
"65fa14496cebf97155c43089",0,0,0,0,"DAPI_DMin point","polygon","",-,9,1,0
"65fa14496cebf97155c4308a",0,0,0,0,"DAPI_DMin point","polygon","",-,6,0,2
"65fa14496cebf97155c4308b",0,0,0,0,"DAPI_DMin point","polygon","",-,-,0,0
"65fa14496cebf97155c4308c",0,0,0,0,"DAPI_DMin point","polygon","",-,3,0,2
"65fa14496cebf97155c4308d",0,0,0,0,"DAPI_DMin point","polygon","",-,-,0,0
"65fa14496cebf97155c4308e",0,0,0,0,"DAPI_DMin point","polygon","",-,-,1,0
"65fa14496cebf97155c4308f",0,0,0,0,"DAPI_DMin point","polygon","",-,2,0,2
"65fa14496cebf97155c43090",0,0,0,0,"DAPI_DMin point","polygon","",-,-,1,1
"65fa14496cebf97155c43091",0,0,0,0,"DAPI_DMin point","polygon","",-,6,0,3
"65fa14496cebf97155c43092",0,0,0,0,"DAPI_DMin point","polygon","",-,3,0,1
"65fa14496cebf97155c43093",0,0,0,0,"DAPI_DMin point","polygon","",-,1,2,1
"65fa14496cebf97155c43094",0,0,0,0,"DAPI_DMin point","polygon","",-,7,0,1
"65fa14496cebf97155c43095",0,0,0,0,"DAPI_DMin point","polygon","",-,7,1,0
"65fa14496cebf97155c43096",0,0,0,0,"DAPI_DMin point","polygon","",1,3,0,1
"65fa14496cebf97155c43097",0,0,0,0,"DAPI_DMin point","polygon","",-,3,0,2
"65fa14496cebf97155c43098",0,0,0,0,"DAPI_DMin point","polygon","",-,1,1,3
"65fa14496cebf97155c43099",0,0,0,0,"DAPI_DMin point","polygon","",-,4,1,1
"65fa14496cebf97155c4309a",0,0,0,0,"DAPI_DMin point","polygon","",-,7,0,1
"65fa14496cebf97155c4309b",0,0,0,0,"DAPI_DMin point","polygon","",-,-,1,3
"65fa14496cebf97155c4309c",0,0,0,0,"DAPI_DMin point","polygon","",-,4,4,1
"65fa14496cebf97155c4309d",0,0,0,0,"DAPI_DMin point","polygon","",-,2,0,1
"65fa14496cebf97155c4309e",0,0,0,0,"DAPI_DMin point","polygon","",-,3,2,0
"65fa14496cebf97155c4309f",0,0,0,0,"DAPI_DMin point","polygon","",1,6,0,1
"65fa14496cebf97155c430a0",0,0,0,0,"DAPI_DMin point","polygon","",-,3,1,1
"65fa14496cebf97155c430a1",0,0,0,0,"DAPI_DMin point","polygon","",-,1,0,2
"65fa14496cebf97155c430a2",0,0,0,0,"DAPI_DMin point","polygon","",-,-,0,0
"65fa14496cebf97155c430a3",0,0,0,0,"DAPI_DMin point","polygon","",-,3,0,1
"65fa14496cebf97155c430a4",0,0,0,0,"DAPI_DMin point","polygon","",-,-,0,2
"65fa14496cebf97155c430a5",0,0,0,0,"DAPI_DMin point","polygon","",-,1,1,2
"65fa14496cebf97155c430a6",0,0,0,0,"DAPI_DMin point","polygon","",-,1,0,2
"65fa14496cebf97155c430a7",0,0,0,0,"DAPI_DMin point","polygon","",-,2,0,1
"65fa14496cebf97155c430a8",0,0,0,0,"DAPI_DMin point","polygon","",-,1,0,1
"65fa14496cebf97155c430a9",0,0,0,0,"DAPI_DMin point","polygon","",-,-,0,0
"65fa14496cebf97155c430aa",0,0,0,0,"DAPI_DMin point","polygon","",-,8,0,3
"65fa14496cebf97155c430ab",0,0,0,0,"DAPI_DMin point","polygon","",-,7,0,3
"65fa14496cebf97155c430ac",0,0,0,0,"DAPI_DMin point","polygon","",-,3,2,0
"65fa14496cebf97155c430ad",0,0,0,0,"DAPI_DMin point","polygon","",-,3,0,2
"65fa14496cebf97155c430ae",0,0,0,0,"DAPI_DMin point","polygon","",-,3,0,0
"65fa14496cebf97155c430af",0,0,0,0,"DAPI_DMin point","polygon","",-,8,1,1
"65fa14496cebf97155c430b0",0,0,0,0,"DAPI_DMin point","polygon","",-,3,0,0
"65fa14496cebf97155c430b1",0,0,0,0,"DAPI_DMin point","polygon","",-,1,1,0
"65fa14496cebf97155c430b2",0,0,0,0,"DAPI_DMin point","polygon","",-,-,1,2
"65fa14496cebf97155c430b3",0,0,0,0,"DAPI_DMin point","polygon","",-,2,1,0
"65fa14496cebf97155c430b4",0,0,0,0,"DAPI_DMin point","polygon","",1,3,0,3
"65fa14496cebf97155c430b5",0,0,0,0,"DAPI_DMin point","polygon","",-,2,0,0
"65fa14496cebf97155c430b6",0,0,0,0,"DAPI_DMin point","polygon","",-,-,0,0
"65fa14496cebf97155c430b7",0,0,0,0,"DAPI_DMin point","polygon","",-,10,0,3
"65fa14496cebf97155c430b8",0,0,0,0,"DAPI_DMin point","polygon","",-,3,0,3
"65fa14496cebf97155c430b9",0,0,0,0,"DAPI_DMin point","polygon","",-,2,1,2
"65fa14496cebf97155c430ba",0,0,0,0,"DAPI_DMin point","polygon","",-,12,0,1
"65fa14496cebf97155c430bb",0,0,0,0,"DAPI_DMin point","polygon","",-,2,0,4
"65fa14496cebf97155c430bc",0,0,0,0,"DAPI_DMin point","polygon","",-,5,0,2
"65fa14496cebf97155c430bd",0,0,0,0,"DAPI_DMin point","polygon","",-,-,1,1
"65fa14496cebf97155c430be",0,0,0,0,"DAPI_DMin point","polygon","",-,3,0,2
"65fa14496cebf97155c430bf",0,0,0,0,"DAPI_DMin point","polygon","",-,-,0,0
"65fa14496cebf97155c430c0",0,0,0,0,"DAPI_DMin point","polygon","",-,1,0,1
"65fa14496cebf97155c430c1",0,0,0,0,"DAPI_DMin point","polygon","",-,2,1,0
"65fa14496cebf97155c430c2",0,0,0,0,"DAPI_DMin point","polygon","",1,6,1,0
"65fa14496cebf97155c430c3",0,0,0,0,"DAPI_DMin point","polygon","",-,6,0,0
"65fa14496cebf97155c430c4",0,0,0,0,"DAPI_DMin point","polygon","",1,-,0,0
"65fa14496cebf97155c430c5",0,0,0,0,"DAPI_DMin point","polygon","",-,5,0,2
"65fa14496cebf97155c430c6",0,0,0,0,"DAPI_DMin point","polygon","",-,1,1,0
"65fa14496cebf97155c430c7",0,0,0,0,"DAPI_DMin point","polygon","",-,9,0,0
"65fa14496cebf97155c430c8",0,0,0,0,"DAPI_DMin point","polygon","",1,-,0,0
"65fa14496cebf97155c430c9",0,0,0,0,"DAPI_DMin point","polygon","",-,3,1,0
"65fa14496cebf97155c430ca",0,0,0,0,"DAPI_DMin point","polygon","",-,1,3,1
"65fa14496cebf97155c430cb",0,0,0,0,"DAPI_DMin point","polygon","",-,-,0,1
"65fa14496cebf97155c430cc",0,0,0,0,"DAPI_DMin point","polygon","",-,4,0,1
"65fa14496cebf97155c430cd",0,0,0,0,"DAPI_DMin point","polygon","",1,1,0,3
"65fa14496cebf97155c430ce",0,0,0,0,"DAPI_DMin point","polygon","",-,6,2,1
"65fa14496cebf97155c430cf",0,0,0,0,"DAPI_DMin point","polygon","",-,2,0,3
"65fa14496cebf97155c430d0",0,0,0,0,"DAPI_DMin point","polygon","",-,-,4,0
"65fa14496cebf97155c430d1",0,0,0,0,"DAPI_DMin point","polygon","",-,1,0,3
"65fa14496cebf97155c430d2",0,0,0,0,"DAPI_DMin point","polygon","",-,3,0,1
"65fa14496cebf97155c430d3",0,0,0,0,"DAPI_DMin point","polygon","",-,4,0,0
"65fa14496cebf97155c430d4",0,0,0,0,"DAPI_DMin point","polygon","",-,1,0,4
"65fa14496cebf97155c430d5",0,0,0,0,"DAPI_DMin point","polygon","",-,2,1,2
"65fa14496cebf97155c430d6",0,0,0,0,"DAPI_DMin point","polygon","",-,-,0,1
"65fa14496cebf97155c430d7",0,0,0,0,"DAPI_DMin point","polygon","",-,-,0,0
"65fa14496cebf97155c430d8",0,0,0,0,"DAPI_DMin point","polygon","",-,-,0,1
"65fa14496cebf97155c430d9",0,0,0,0,"DAPI_DMin point","polygon","",-,1,0,2
"65fa14496cebf97155c430da",0,0,0,0,"DAPI_DMin point","polygon","",-,1,0,0
"65fa14496cebf97155c430db",0,0,0,0,"DAPI_DMin point","polygon","",-,-,0,1
"65fa14496cebf97155c430dc",0,0,0,0,"DAPI_DMin point","polygon","",1,-,2,0
"65fa14496cebf97155c430dd",0,0,0,0,"DAPI_DMin point","polygon","",-,-,1,3
"65fa14496cebf97155c430de",0,0,0,0,"DAPI_DMin point","polygon","",-,-,0,0
"65fa14496cebf97155c430df",0,0,0,0,"DAPI_DMin point","polygon","",-,-,0,1
"65fa14496cebf97155c430e0",0,0,0,0,"DAPI_DMin point","polygon","",-,-,0,2
"65fa14496cebf97155c430e1",0,0,0,0,"DAPI_DMin point","polygon","",-,-,0,1
"65fa14496cebf97155c430e2",0,0,0,0,"DAPI_DMin point","polygon","",-,-,0,3
"65fa14496cebf97155c430e3",0,0,0,0,"DAPI_DMin point","polygon","",-,1,0,0
"65fa14496cebf97155c430e4",0,0,0,0,"DAPI_DMin point","polygon","",-,1,0,3
"65fa14496cebf97155c430e5",0,0,0,0,"DAPI_DMin point","polygon","",-,-,0,0
"65fa14496cebf97155c430e6",0,0,0,0,"DAPI_DMin point","polygon","",-,3,0,3
"65fa14496cebf97155c430e7",0,0,0,0,"DAPI_DMin point","polygon","",-,-,1,0
"65fa14496cebf97155c430e8",0,0,0,0,"DAPI_DMin point","polygon","",-,3,0,4
"65fa14496cebf97155c430e9",0,0,0,0,"DAPI_DMin point","polygon","",1,1,0,1
"65fa14496cebf97155c430ea",0,0,0,0,"DAPI_DMin point","polygon","",-,4,0,5
"65fa14496cebf97155c430eb",0,0,0,0,"DAPI_DMin point","polygon","",-,1,0,0
"65fa14496cebf97155c430ec",0,0,0,0,"DAPI_DMin point","polygon","",-,-,0,1
"65fa14496cebf97155c430ed",0,0,0,0,"DAPI_DMin point","polygon","",-,-,0,1
"65fa14496cebf97155c430ee",0,0,0,0,"DAPI_DMin point","polygon","",-,-,0,0
"65fa14496cebf97155c430ef",0,0,0,0,"DAPI_DMin point","polygon","",-,-,0,1
"65fa14496cebf97155c430f0",0,0,0,0,"DAPI_DMin point","polygon","",-,-,3,0
"65fa14496cebf97155c430f1",0,0,0,0,"DAPI_DMin point","polygon","",-,-,0,0
"65fa14496cebf97155c430f2",0,0,0,0,"DAPI_DMin point","polygon","",-,-,0,2
"65fa14496cebf97155c430f3",0,0,0,0,"DAPI_DMin point","polygon","",-,-,0,3
"65fa14496cebf97155c430f4",0,0,0,0,"DAPI_DMin point","polygon","",-,-,0,1
"65fa14496cebf97155c430f5",0,0,0,0,"DAPI_DMin point","polygon","",-,3,0,0
"65fa14496cebf97155c430f6",0,0,0,0,"DAPI_DMin point","polygon","",-,-,1,0
"65fa14496cebf97155c430f7",0,0,0,0,"DAPI_DMin point","polygon","",-,-,0,1
"65fa14496cebf97155c430f8",0,0,0,0,"DAPI_DMin point","polygon","",-,1,0,2
"65fa14496cebf97155c430f9",0,0,0,0,"DAPI_DMin point","polygon","",-,-,0,0
"65fa14496cebf97155c430fa",0,0,0,0,"DAPI_DMin point","polygon","",-,2,0,1
"65fa14496cebf97155c430fb",0,0,0,0,"DAPI_DMin point","polygon","",-,1,0,0
"65fa14496cebf97155c430fc",0,0,0,0,"DAPI_DMin point","polygon","",-,-,0,10
"65fa14496cebf97155c430fd",0,0,0,0,"DAPI_DMin point","polygon","",-,1,0,1
"65fa14496cebf97155c430fe",0,0,0,0,"DAPI_DMin point","polygon","",-,2,0,0
"65fa14496cebf97155c430ff",0,0,0,0,"DAPI_DMin point","polygon","",-,3,0,0
"65fa14496cebf97155c43100",0,0,0,0,"DAPI_DMin point","polygon","",1,-,1,0
"65fa14496cebf97155c43101",0,0,0,0,"DAPI_DMin point","polygon","",-,-,0,1
"65fa14496cebf97155c43102",0,0,0,0,"DAPI_DMin point","polygon","",-,-,0,0
"65fa14496cebf97155c43103",0,0,0,0,"DAPI_DMin point","polygon","",-,5,0,2
"65fa14496cebf97155c43104",0,0,0,0,"DAPI_DMin point","polygon","",-,7,0,1
"65fa14496cebf97155c43105",0,0,0,0,"DAPI_DMin point","polygon","",-,1,0,0
"65fa14496cebf97155c43106",0,0,0,0,"DAPI_DMin point","polygon","",-,-,0,0
"65fa14496cebf97155c43107",0,0,0,0,"DAPI_DMin point","polygon","",-,2,0,1
"65fa14496cebf97155c43108",0,0,0,0,"DAPI_DMin point","polygon","",-,-,0,2
"65fa14496cebf97155c43109",0,0,0,0,"DAPI_DMin point","polygon","",-,-,0,2
"65fa14496cebf97155c4310a",0,0,0,0,"DAPI_DMin point","polygon","",2,1,0,0
"65fa14496cebf97155c4310b",0,0,0,0,"DAPI_DMin point","polygon","",-,1,0,0
"65fa14496cebf97155c4310c",0,0,0,0,"DAPI_DMin point","polygon","",-,-,0,1
"65fa14496cebf97155c4310d",0,0,0,0,"DAPI_DMin point","polygon","",-,3,0,1
"65fa14496cebf97155c4310e",0,0,0,0,"DAPI_DMin point","polygon","",-,1,0,0
"65fa14496cebf97155c4310f",0,0,0,0,"DAPI_DMin point","polygon","",1,1,0,1
"65fa14496cebf97155c43110",0,0,0,0,"DAPI_DMin point","polygon","",-,-,0,1
"65fa14496cebf97155c43111",0,0,0,0,"DAPI_DMin point","polygon","",-,1,0,1
"65fa14496cebf97155c43112",0,0,0,0,"DAPI_DMin point","polygon","",2,1,1,0
"65fa14496cebf97155c43113",0,0,0,0,"DAPI_DMin point","polygon","",-,1,0,0
"65fa14496cebf97155c43114",0,0,0,0,"DAPI_DMin point","polygon","",-,-,0,1
"65fa14496cebf97155c43115",0,0,0,0,"DAPI_DMin point","polygon","",-,1,0,3
"65fa14496cebf97155c43116",0,0,0,0,"DAPI_DMin point","polygon","",-,-,0,0
"65fa14496cebf97155c43117",0,0,0,0,"DAPI_DMin point","polygon","",-,-,0,0
"65fa14496cebf97155c43118",0,0,0,0,"DAPI_DMin point","polygon","",-,-,0,2
"65fa14496cebf97155c43119",0,0,0,0,"DAPI_DMin point","polygon","",-,-,0,0
"65fa14496cebf97155c4311a",0,0,0,0,"DAPI_DMin point","polygon","",1,3,0,2
"65fa14496cebf97155c4311b",0,0,0,0,"DAPI_DMin point","polygon","",1,-,1,2
"65fa14496cebf97155c4311c",0,0,0,0,"DAPI_DMin point","polygon","",-,1,0,0
"65fa14496cebf97155c4311d",0,0,0,0,"DAPI_DMin point","polygon","",-,4,0,2
"65fa14496cebf97155c4311e",0,0,0,0,"DAPI_DMin point","polygon","",-,-,0,1
"65fa14496cebf97155c4311f",0,0,0,0,"DAPI_DMin point","polygon","",-,-,0,0
"65fa14496cebf97155c43120",0,0,0,0,"DAPI_DMin point","polygon","",-,-,1,0
"65fa14496cebf97155c43121",0,0,0,0,"DAPI_DMin point","polygon","",-,1,0,0
"65fa14496cebf97155c43122",0,0,0,0,"DAPI_DMin point","polygon","",-,-,0,0
"65fa14496cebf97155c43123",0,0,0,0,"DAPI_DMin point","polygon","",-,2,0,0
"65fa14496cebf97155c43124",0,0,0,0,"DAPI_DMin point","polygon","",-,2,0,1
"65fa14496cebf97155c43125",0,0,0,0,"DAPI_DMin point","polygon","",-,-,0,1
"65fa14496cebf97155c43126",0,0,0,0,"DAPI_DMin point","polygon","",-,-,0,2
"65fa14496cebf97155c43127",0,0,0,0,"DAPI_DMin point","polygon","",-,-,0,0
"65fa14496cebf97155c43128",0,0,0,0,"DAPI_DMin point","polygon","",-,1,0,2
"65fa14496cebf97155c43129",0,0,0,0,"DAPI_DMin point","polygon","",-,1,1,0
"65fa14496cebf97155c4312a",0,0,0,0,"DAPI_DMin point","polygon","",-,2,1,3
"65fa14496cebf97155c4312b",0,0,0,0,"DAPI_DMin point","polygon","",-,1,0,0
"65fa14496cebf97155c4312c",0,0,0,0,"DAPI_DMin point","polygon","",-,2,0,1
"65fa14496cebf97155c4312d",0,0,0,0,"DAPI_DMin point","polygon","",-,12,0,0
"65fa14496cebf97155c4312e",0,0,0,0,"DAPI_DMin point","polygon","",-,-,0,0
"65fa14496cebf97155c4312f",0,0,0,0,"DAPI_DMin point","polygon","",-,6,0,0
"65fa14496cebf97155c43130",0,0,0,0,"DAPI_DMin point","polygon","",-,1,0,2
"65fa14496cebf97155c43131",0,0,0,0,"DAPI_DMin point","polygon","",-,9,0,1
"65fa14496cebf97155c43132",0,0,0,0,"DAPI_DMin point","polygon","",-,4,2,0
"65fa14496cebf97155c43133",0,0,0,0,"DAPI_DMin point","polygon","",-,-,0,1
"65fa14496cebf97155c43134",0,0,0,0,"DAPI_DMin point","polygon","",-,-,0,0
"65fa14496cebf97155c43135",0,0,0,0,"DAPI_DMin point","polygon","",-,1,0,2
"65fa14496cebf97155c43136",0,0,0,0,"DAPI_DMin point","polygon","",-,2,1,1
"65fa14496cebf97155c43137",0,0,0,0,"DAPI_DMin point","polygon","",-,3,0,2
"65fa14496cebf97155c43138",0,0,0,0,"DAPI_DMin point","polygon","",-,1,0,0
"65fa14496cebf97155c43139",0,0,0,0,"DAPI_DMin point","polygon","",-,-,0,1
"65fa14496cebf97155c4313a",0,0,0,0,"DAPI_DMin point","polygon","",-,-,0,0
"65fa14496cebf97155c4313b",0,0,0,0,"DAPI_DMin point","polygon","",-,-,0,1
"65fa14496cebf97155c4313c",0,0,0,0,"DAPI_DMin point","polygon","",-,-,2,1
"65fa14496cebf97155c4313d",0,0,0,0,"DAPI_DMin point","polygon","",-,1,1,0